Patient_ID,Hugo_Symbol,Variant_Classification,Chromosome,Start_Position,Variant_Type,Overall_Survival_Months,Vital_Status,Age_at_Diagnosis,Gender,Tumor_Stage
TCGA-SAMP-001,KRAS,Frame_Shift_Del,chr19,93510762,INDEL,10.32,1,41,FEMALE,Stage I
TCGA-SAMP-001,NF1,Missense_Mutation,chr2,148271095,SNP,10.32,1,41,FEMALE,Stage I
TCGA-SAMP-001,BRCA2,Splice_Site,chr21,106428085,INDEL,10.32,1,41,FEMALE,Stage I
TCGA-SAMP-001,ATM,Missense_Mutation,chr17,106506362,SNP,10.32,1,41,FEMALE,Stage I
TCGA-SAMP-001,MYC,Nonsense_Mutation,chr16,79857501,SNP,10.32,1,41,FEMALE,Stage I
TCGA-SAMP-002,TP53,Missense_Mutation,chr19,32149003,SNP,33.53,1,51,FEMALE,Stage III
TCGA-SAMP-002,PIK3CA,Missense_Mutation,chr19,55931368,SNP,33.53,1,51,FEMALE,Stage III
TCGA-SAMP-002,KRAS,Missense_Mutation,chr4,20293880,SNP,33.53,1,51,FEMALE,Stage III
TCGA-SAMP-002,NF1,Missense_Mutation,chr20,11492366,SNP,33.53,1,51,FEMALE,Stage III
TCGA-SAMP-002,ATM,Frame_Shift_Ins,chr17,37809731,INDEL,33.53,1,51,FEMALE,Stage III
TCGA-SAMP-002,IDH1,Splice_Site,chr4,86291493,INDEL,33.53,1,51,FEMALE,Stage III
TCGA-SAMP-003,EGFR,Missense_Mutation,chr18,108044665,SNP,107.49,0,61,MALE,Stage II
TCGA-SAMP-004,PIK3CA,Frame_Shift_Del,chr7,95640567,INDEL,71.04,0,77,MALE,Stage II
TCGA-SAMP-004,BRAF,Missense_Mutation,chr19,83239152,SNP,71.04,0,77,MALE,Stage II
TCGA-SAMP-005,TP53,Missense_Mutation,chrX,54574455,SNP,8.13,1,77,MALE,Stage IV
TCGA-SAMP-005,BRCA2,Missense_Mutation,chr15,109274313,SNP,8.13,1,77,MALE,Stage IV
TCGA-SAMP-006,PIK3CA,Nonsense_Mutation,chr7,23941962,SNP,72.69,1,53,MALE,Stage III
TCGA-SAMP-006,BRCA2,Nonsense_Mutation,chr12,75515325,SNP,72.69,1,53,MALE,Stage III
TCGA-SAMP-006,MYC,Nonsense_Mutation,chr7,136802141,SNP,72.69,1,53,MALE,Stage III
TCGA-SAMP-007,TP53,Nonsense_Mutation,chr20,29959174,SNP,36.4,1,81,MALE,Stage II
TCGA-SAMP-007,EGFR,Frame_Shift_Del,chr9,148739396,INDEL,36.4,1,81,MALE,Stage II
TCGA-SAMP-007,APC,Frame_Shift_Del,chrY,66753416,INDEL,36.4,1,81,MALE,Stage II
TCGA-SAMP-007,RB1,Missense_Mutation,chr20,7754909,SNP,36.4,1,81,MALE,Stage II
TCGA-SAMP-007,BRCA1,Frame_Shift_Del,chrY,72173914,INDEL,36.4,1,81,MALE,Stage II
TCGA-SAMP-007,IDH1,Missense_Mutation,chr5,139992447,SNP,36.4,1,81,MALE,Stage II
TCGA-SAMP-008,EGFR,Frame_Shift_Del,chr12,44265849,INDEL,98.31,0,45,MALE,Stage II
TCGA-SAMP-008,ATM,Missense_Mutation,chr1,110556008,SNP,98.31,0,45,MALE,Stage II
TCGA-SAMP-008,MYC,Splice_Site,chr3,122046771,INDEL,98.31,0,45,MALE,Stage II
TCGA-SAMP-009,APC,Missense_Mutation,chr9,14864960,SNP,158.8,1,56,MALE,Stage I
TCGA-SAMP-010,TP53,Frame_Shift_Ins,chr16,71550611,INDEL,24.66,1,49,FEMALE,Stage II
TCGA-SAMP-010,PIK3CA,Missense_Mutation,chr12,109269700,SNP,24.66,1,49,FEMALE,Stage II
TCGA-SAMP-010,APC,Splice_Site,chr9,55323954,INDEL,24.66,1,49,FEMALE,Stage II
TCGA-SAMP-010,BRCA2,Missense_Mutation,chr8,101264453,SNP,24.66,1,49,FEMALE,Stage II
TCGA-SAMP-011,RB1,Frame_Shift_Ins,chr4,55503796,INDEL,12.32,0,43,MALE,Stage II
TCGA-SAMP-011,NF1,Frame_Shift_Ins,chrY,105897503,INDEL,12.32,0,43,MALE,Stage II
TCGA-SAMP-012,MYC,Missense_Mutation,chr12,12807035,SNP,122.01,0,70,FEMALE,Stage I
TCGA-SAMP-013,ARID1A,Missense_Mutation,chr21,14750271,SNP,23.53,1,39,FEMALE,Stage II
TCGA-SAMP-013,ATM,Frame_Shift_Del,chr10,136306901,INDEL,23.53,1,39,FEMALE,Stage II
TCGA-SAMP-014,TP53,Missense_Mutation,chr15,64885345,SNP,63.59,1,44,MALE,Stage I
TCGA-SAMP-014,APC,Nonsense_Mutation,chr22,26758609,SNP,63.59,1,44,MALE,Stage I
TCGA-SAMP-015,PTEN,Missense_Mutation,chrX,67327698,SNP,33.41,0,66,FEMALE,Stage IV
TCGA-SAMP-015,RB1,Missense_Mutation,chr20,43481573,SNP,33.41,0,66,FEMALE,Stage IV
TCGA-SAMP-016,EGFR,Splice_Site,chr15,51692034,INDEL,22.82,1,78,MALE,Stage I
TCGA-SAMP-016,BRCA1,Missense_Mutation,chr5,108111636,SNP,22.82,1,78,MALE,Stage I
TCGA-SAMP-016,BRCA2,Missense_Mutation,chr9,4394539,SNP,22.82,1,78,MALE,Stage I
TCGA-SAMP-016,IDH1,Frame_Shift_Ins,chr1,20940174,INDEL,22.82,1,78,MALE,Stage I
TCGA-SAMP-017,ATM,Missense_Mutation,chr14,125938555,SNP,34.69,1,39,FEMALE,Stage II
TCGA-SAMP-017,IDH1,Missense_Mutation,chr17,69497491,SNP,34.69,1,39,FEMALE,Stage II
TCGA-SAMP-017,MYC,Frame_Shift_Ins,chr16,57499769,INDEL,34.69,1,39,FEMALE,Stage II
TCGA-SAMP-018,PTEN,Frame_Shift_Ins,chr5,101052086,INDEL,84.95,1,55,FEMALE,Stage II
TCGA-SAMP-018,PIK3CA,Missense_Mutation,chr22,43451876,SNP,84.95,1,55,FEMALE,Stage II
TCGA-SAMP-018,BRAF,Missense_Mutation,chr19,13570137,SNP,84.95,1,55,FEMALE,Stage II
TCGA-SAMP-019,PIK3CA,Nonsense_Mutation,chr19,35058762,SNP,13.27,0,44,MALE,Stage III
TCGA-SAMP-019,NF1,Splice_Site,chr13,116446891,INDEL,13.27,0,44,MALE,Stage III
TCGA-SAMP-019,ARID1A,Nonsense_Mutation,chr2,137293970,SNP,13.27,0,44,MALE,Stage III
TCGA-SAMP-020,BRAF,Missense_Mutation,chr21,129295004,SNP,42.18,1,39,FEMALE,Stage II
TCGA-SAMP-020,NF1,Frame_Shift_Ins,chr9,25956919,INDEL,42.18,1,39,FEMALE,Stage II
TCGA-SAMP-021,APC,Nonsense_Mutation,chr17,147535376,SNP,67.89,0,76,MALE,Stage I
TCGA-SAMP-021,BRCA2,Missense_Mutation,chr9,148891186,SNP,67.89,0,76,MALE,Stage I
TCGA-SAMP-021,ATM,Missense_Mutation,chr7,82996667,SNP,67.89,0,76,MALE,Stage I
TCGA-SAMP-022,ARID1A,Missense_Mutation,chr10,17410852,SNP,175.43,0,57,FEMALE,Stage II
TCGA-SAMP-023,RB1,Frame_Shift_Del,chr5,80868647,INDEL,5.6,0,71,FEMALE,Stage IV
TCGA-SAMP-024,TP53,Missense_Mutation,chr12,75624262,SNP,6.36,1,70,FEMALE,Stage III
TCGA-SAMP-024,PIK3CA,Nonsense_Mutation,chr3,15914828,SNP,6.36,1,70,FEMALE,Stage III
TCGA-SAMP-024,KRAS,Missense_Mutation,chr20,73951335,SNP,6.36,1,70,FEMALE,Stage III
TCGA-SAMP-024,APC,Nonsense_Mutation,chr9,89730668,SNP,6.36,1,70,FEMALE,Stage III
TCGA-SAMP-024,ARID1A,Missense_Mutation,chr1,110577445,SNP,6.36,1,70,FEMALE,Stage III
TCGA-SAMP-024,MYC,Missense_Mutation,chr21,48618372,SNP,6.36,1,70,FEMALE,Stage III
TCGA-SAMP-025,PTEN,Missense_Mutation,chr15,18992008,SNP,8.26,1,39,MALE,Stage I
TCGA-SAMP-025,BRCA2,Missense_Mutation,chr6,78082667,SNP,8.26,1,39,MALE,Stage I
TCGA-SAMP-025,ATM,Nonsense_Mutation,chr21,117701287,SNP,8.26,1,39,MALE,Stage I
TCGA-SAMP-025,IDH1,Frame_Shift_Del,chr4,112621305,INDEL,8.26,1,39,MALE,Stage I
TCGA-SAMP-026,APC,Missense_Mutation,chr9,5662067,SNP,7.22,0,52,MALE,Stage III
TCGA-SAMP-026,NF1,Nonsense_Mutation,chr3,43209628,SNP,7.22,0,52,MALE,Stage III
TCGA-SAMP-026,IDH1,Missense_Mutation,chr18,113345302,SNP,7.22,0,52,MALE,Stage III
TCGA-SAMP-027,NF1,Missense_Mutation,chr9,38119582,SNP,124.44,0,59,FEMALE,Stage III
TCGA-SAMP-027,BRCA1,Missense_Mutation,chr6,18200699,SNP,124.44,0,59,FEMALE,Stage III
TCGA-SAMP-028,APC,Nonsense_Mutation,chr19,106322252,SNP,66.11,0,82,FEMALE,Stage IV
TCGA-SAMP-028,BRCA2,Nonsense_Mutation,chr2,95956757,SNP,66.11,0,82,FEMALE,Stage IV
TCGA-SAMP-029,EGFR,Missense_Mutation,chr17,38820111,SNP,45.29,1,47,FEMALE,Stage III
TCGA-SAMP-029,IDH1,Missense_Mutation,chr2,60184389,SNP,45.29,1,47,FEMALE,Stage III
TCGA-SAMP-030,NF1,Missense_Mutation,chr5,69900140,SNP,55.7,1,43,FEMALE,Stage III
TCGA-SAMP-031,PTEN,Splice_Site,chr4,142552407,INDEL,15.16,1,72,FEMALE,Stage III
TCGA-SAMP-031,ATM,Missense_Mutation,chr6,147947812,SNP,15.16,1,72,FEMALE,Stage III
TCGA-SAMP-032,PIK3CA,Missense_Mutation,chr15,12557080,SNP,142.67,0,52,FEMALE,Stage II
TCGA-SAMP-032,BRAF,Frame_Shift_Del,chr16,11245552,INDEL,142.67,0,52,FEMALE,Stage II
TCGA-SAMP-032,BRCA1,Splice_Site,chr15,42858171,INDEL,142.67,0,52,FEMALE,Stage II
TCGA-SAMP-032,MYC,Missense_Mutation,chrY,34961938,SNP,142.67,0,52,FEMALE,Stage II
TCGA-SAMP-033,KRAS,Nonsense_Mutation,chr6,140190082,SNP,74.55,0,65,MALE,Stage II
TCGA-SAMP-033,BRAF,Nonsense_Mutation,chrX,9910404,SNP,74.55,0,65,MALE,Stage II
TCGA-SAMP-033,RB1,Splice_Site,chr7,41242200,INDEL,74.55,0,65,MALE,Stage II
TCGA-SAMP-033,ARID1A,Missense_Mutation,chr12,66789168,SNP,74.55,0,65,MALE,Stage II
TCGA-SAMP-034,IDH1,Missense_Mutation,chr21,119754085,SNP,64.42,1,82,FEMALE,Stage III
TCGA-SAMP-035,PTEN,Missense_Mutation,chrY,93581782,SNP,37.53,1,84,FEMALE,Stage II
TCGA-SAMP-035,KRAS,Missense_Mutation,chr8,40736644,SNP,37.53,1,84,FEMALE,Stage II
TCGA-SAMP-035,BRAF,Nonsense_Mutation,chr2,58075251,SNP,37.53,1,84,FEMALE,Stage II
TCGA-SAMP-035,BRCA2,Frame_Shift_Ins,chr19,36012253,INDEL,37.53,1,84,FEMALE,Stage II
TCGA-SAMP-036,PTEN,Splice_Site,chr22,100827619,INDEL,5.31,1,85,FEMALE,Stage I
TCGA-SAMP-036,BRAF,Nonsense_Mutation,chr14,106572997,SNP,5.31,1,85,FEMALE,Stage I
TCGA-SAMP-036,NF1,Frame_Shift_Del,chr4,35070444,INDEL,5.31,1,85,FEMALE,Stage I
TCGA-SAMP-036,BRCA1,Missense_Mutation,chr18,72117911,SNP,5.31,1,85,FEMALE,Stage I
TCGA-SAMP-036,BRCA2,Nonsense_Mutation,chrX,61219361,SNP,5.31,1,85,FEMALE,Stage I
TCGA-SAMP-037,ARID1A,Nonsense_Mutation,chrY,3709736,SNP,35.63,1,70,MALE,Stage II
TCGA-SAMP-037,MYC,Missense_Mutation,chr8,66418090,SNP,35.63,1,70,MALE,Stage II
TCGA-SAMP-038,PTEN,Frame_Shift_Del,chr21,9010852,INDEL,10.24,1,55,FEMALE,Stage II
TCGA-SAMP-039,KRAS,Missense_Mutation,chr8,10116389,SNP,39.45,0,83,MALE,Stage III
TCGA-SAMP-039,NF1,Frame_Shift_Del,chr15,143814291,INDEL,39.45,0,83,MALE,Stage III
TCGA-SAMP-040,TP53,Frame_Shift_Del,chr4,31838453,INDEL,29.88,1,83,FEMALE,Stage I
TCGA-SAMP-040,KRAS,Nonsense_Mutation,chr13,16513486,SNP,29.88,1,83,FEMALE,Stage I
TCGA-SAMP-040,BRAF,Nonsense_Mutation,chrY,9928366,SNP,29.88,1,83,FEMALE,Stage I
TCGA-SAMP-040,NF1,Frame_Shift_Del,chr15,145936355,INDEL,29.88,1,83,FEMALE,Stage I
TCGA-SAMP-041,EGFR,Splice_Site,chr10,129053191,INDEL,26.9,1,43,MALE,Stage II
TCGA-SAMP-041,BRAF,Frame_Shift_Del,chr13,60728583,INDEL,26.9,1,43,MALE,Stage II
TCGA-SAMP-041,ARID1A,Missense_Mutation,chr11,11409411,SNP,26.9,1,43,MALE,Stage II
TCGA-SAMP-041,ATM,Missense_Mutation,chr10,91353744,SNP,26.9,1,43,MALE,Stage II
TCGA-SAMP-042,APC,Nonsense_Mutation,chr21,113478925,SNP,18.16,0,74,MALE,Stage I
TCGA-SAMP-042,BRAF,Splice_Site,chrX,84480672,INDEL,18.16,0,74,MALE,Stage I
TCGA-SAMP-042,BRCA2,Missense_Mutation,chr9,77752169,SNP,18.16,0,74,MALE,Stage I
TCGA-SAMP-042,IDH1,Missense_Mutation,chr9,99608798,SNP,18.16,0,74,MALE,Stage I
TCGA-SAMP-043,BRAF,Missense_Mutation,chr19,65091256,SNP,89.8,0,80,MALE,Stage III
TCGA-SAMP-043,IDH1,Missense_Mutation,chr21,65270480,SNP,89.8,0,80,MALE,Stage III
TCGA-SAMP-043,MYC,Frame_Shift_Ins,chr20,92394504,INDEL,89.8,0,80,MALE,Stage III
TCGA-SAMP-044,TP53,Frame_Shift_Del,chr22,98238587,INDEL,12.27,1,80,MALE,Stage III
TCGA-SAMP-044,PTEN,Splice_Site,chr7,141340064,INDEL,12.27,1,80,MALE,Stage III
TCGA-SAMP-045,APC,Nonsense_Mutation,chr8,55949014,SNP,31.53,0,48,FEMALE,Stage I
TCGA-SAMP-045,BRCA2,Missense_Mutation,chr18,145802236,SNP,31.53,0,48,FEMALE,Stage I
TCGA-SAMP-046,TP53,Splice_Site,chr8,115081624,INDEL,7.88,1,80,FEMALE,Stage I
TCGA-SAMP-046,PTEN,Frame_Shift_Ins,chr1,143178663,INDEL,7.88,1,80,FEMALE,Stage I
TCGA-SAMP-046,PIK3CA,Missense_Mutation,chrY,149422829,SNP,7.88,1,80,FEMALE,Stage I
TCGA-SAMP-046,NF1,Frame_Shift_Del,chr14,49449430,INDEL,7.88,1,80,FEMALE,Stage I
TCGA-SAMP-046,BRCA1,Missense_Mutation,chr7,87658294,SNP,7.88,1,80,FEMALE,Stage I
TCGA-SAMP-046,ATM,Nonsense_Mutation,chr19,88325315,SNP,7.88,1,80,FEMALE,Stage I
TCGA-SAMP-047,APC,Missense_Mutation,chr20,140511684,SNP,13.67,0,40,FEMALE,Stage I
TCGA-SAMP-047,ATM,Frame_Shift_Del,chr10,14172989,INDEL,13.67,0,40,FEMALE,Stage I
TCGA-SAMP-048,PTEN,Missense_Mutation,chr14,48830049,SNP,11.56,0,58,FEMALE,Stage II
TCGA-SAMP-048,APC,Nonsense_Mutation,chr11,31351097,SNP,11.56,0,58,FEMALE,Stage II
TCGA-SAMP-048,RB1,Frame_Shift_Ins,chrX,79087338,INDEL,11.56,0,58,FEMALE,Stage II
TCGA-SAMP-048,ATM,Missense_Mutation,chr5,113574712,SNP,11.56,0,58,FEMALE,Stage II
TCGA-SAMP-049,TP53,Nonsense_Mutation,chr22,51148404,SNP,33.97,0,44,MALE,Stage III
TCGA-SAMP-049,MYC,Splice_Site,chr21,90233874,INDEL,33.97,0,44,MALE,Stage III
TCGA-SAMP-050,ATM,Missense_Mutation,chr20,140021122,SNP,67.03,0,42,MALE,Stage II
TCGA-SAMP-051,EGFR,Frame_Shift_Del,chr9,89917241,INDEL,16.68,0,60,MALE,Stage II
TCGA-SAMP-051,ARID1A,Missense_Mutation,chr18,10147595,SNP,16.68,0,60,MALE,Stage II
TCGA-SAMP-051,MYC,Missense_Mutation,chr17,50860636,SNP,16.68,0,60,MALE,Stage II
TCGA-SAMP-052,PIK3CA,Missense_Mutation,chr16,36145138,SNP,25.32,1,62,MALE,Stage II
TCGA-SAMP-052,MYC,Missense_Mutation,chr10,110754479,SNP,25.32,1,62,MALE,Stage II
TCGA-SAMP-053,EGFR,Splice_Site,chr21,1624102,INDEL,53.92,0,73,FEMALE,Stage II
TCGA-SAMP-053,PTEN,Missense_Mutation,chr21,22000146,SNP,53.92,0,73,FEMALE,Stage II
TCGA-SAMP-053,BRCA2,Missense_Mutation,chrY,62176001,SNP,53.92,0,73,FEMALE,Stage II
TCGA-SAMP-054,ATM,Missense_Mutation,chr13,124384044,SNP,40.86,1,70,MALE,Stage I
TCGA-SAMP-055,TP53,Missense_Mutation,chr14,73923165,SNP,10.97,1,72,MALE,Stage I
TCGA-SAMP-055,EGFR,Missense_Mutation,chr21,10860888,SNP,10.97,1,72,MALE,Stage I
TCGA-SAMP-055,APC,Missense_Mutation,chr7,96819187,SNP,10.97,1,72,MALE,Stage I
TCGA-SAMP-055,NF1,Nonsense_Mutation,chr14,120588081,SNP,10.97,1,72,MALE,Stage I
TCGA-SAMP-055,BRCA1,Missense_Mutation,chr1,40157648,SNP,10.97,1,72,MALE,Stage I
TCGA-SAMP-055,ATM,Nonsense_Mutation,chr5,38680196,SNP,10.97,1,72,MALE,Stage I
TCGA-SAMP-055,IDH1,Missense_Mutation,chr6,17787991,SNP,10.97,1,72,MALE,Stage I
TCGA-SAMP-056,KRAS,Missense_Mutation,chr8,22570291,SNP,113.55,1,54,FEMALE,Stage III
TCGA-SAMP-056,NF1,Nonsense_Mutation,chr11,39143896,SNP,113.55,1,54,FEMALE,Stage III
TCGA-SAMP-056,BRCA1,Splice_Site,chr3,58965527,INDEL,113.55,1,54,FEMALE,Stage III
TCGA-SAMP-056,ATM,Missense_Mutation,chr15,123898230,SNP,113.55,1,54,FEMALE,Stage III
TCGA-SAMP-057,EGFR,Frame_Shift_Ins,chr10,65589314,INDEL,80.02,0,59,MALE,Stage I
TCGA-SAMP-057,KRAS,Frame_Shift_Del,chr3,149844728,INDEL,80.02,0,59,MALE,Stage I
TCGA-SAMP-057,RB1,Missense_Mutation,chr9,69548631,SNP,80.02,0,59,MALE,Stage I
TCGA-SAMP-057,ARID1A,Nonsense_Mutation,chr9,78060088,SNP,80.02,0,59,MALE,Stage I
TCGA-SAMP-057,BRCA2,Missense_Mutation,chr15,129988295,SNP,80.02,0,59,MALE,Stage I
TCGA-SAMP-058,EGFR,Missense_Mutation,chr5,140126769,SNP,24.63,1,83,FEMALE,Stage II
TCGA-SAMP-058,PTEN,Missense_Mutation,chr16,83765691,SNP,24.63,1,83,FEMALE,Stage II
TCGA-SAMP-058,PIK3CA,Missense_Mutation,chr17,34057164,SNP,24.63,1,83,FEMALE,Stage II
TCGA-SAMP-059,RB1,Frame_Shift_Del,chr11,102385868,INDEL,7.25,0,77,MALE,Stage III
TCGA-SAMP-059,ARID1A,Missense_Mutation,chrX,22198345,SNP,7.25,0,77,MALE,Stage III
TCGA-SAMP-059,BRCA1,Nonsense_Mutation,chr11,144846022,SNP,7.25,0,77,MALE,Stage III
TCGA-SAMP-059,BRCA2,Frame_Shift_Del,chr4,84428141,INDEL,7.25,0,77,MALE,Stage III
TCGA-SAMP-059,MYC,Splice_Site,chr13,59944250,INDEL,7.25,0,77,MALE,Stage III
TCGA-SAMP-060,BRAF,Nonsense_Mutation,chr7,109587327,SNP,76.46,0,59,FEMALE,Stage I
TCGA-SAMP-060,ARID1A,Frame_Shift_Ins,chr5,1756671,INDEL,76.46,0,59,FEMALE,Stage I
TCGA-SAMP-060,ATM,Frame_Shift_Del,chr12,20933173,INDEL,76.46,0,59,FEMALE,Stage I
TCGA-SAMP-061,TP53,Missense_Mutation,chrY,134866876,SNP,1.5,1,79,MALE,Stage II
TCGA-SAMP-061,APC,Missense_Mutation,chr1,47818021,SNP,1.5,1,79,MALE,Stage II
TCGA-SAMP-061,ARID1A,Missense_Mutation,chr2,101575757,SNP,1.5,1,79,MALE,Stage II
TCGA-SAMP-061,ATM,Nonsense_Mutation,chr9,116167598,SNP,1.5,1,79,MALE,Stage II
TCGA-SAMP-062,EGFR,Missense_Mutation,chr14,126849717,SNP,9.62,1,73,FEMALE,Stage II
TCGA-SAMP-062,PTEN,Nonsense_Mutation,chr3,57496048,SNP,9.62,1,73,FEMALE,Stage II
TCGA-SAMP-062,KRAS,Missense_Mutation,chr21,148381646,SNP,9.62,1,73,FEMALE,Stage II
TCGA-SAMP-062,MYC,Missense_Mutation,chrY,1174961,SNP,9.62,1,73,FEMALE,Stage II
TCGA-SAMP-063,PIK3CA,Splice_Site,chr17,123213052,INDEL,54.28,0,84,FEMALE,Stage II
TCGA-SAMP-063,ARID1A,Nonsense_Mutation,chr21,128997401,SNP,54.28,0,84,FEMALE,Stage II
TCGA-SAMP-063,IDH1,Nonsense_Mutation,chr17,56040773,SNP,54.28,0,84,FEMALE,Stage II
TCGA-SAMP-064,TP53,Frame_Shift_Del,chr22,83729045,INDEL,9.0,1,61,FEMALE,Stage IV
TCGA-SAMP-064,APC,Frame_Shift_Del,chr21,42821553,INDEL,9.0,1,61,FEMALE,Stage IV
TCGA-SAMP-065,EGFR,Frame_Shift_Del,chr12,36197069,INDEL,11.79,0,70,MALE,Stage III
TCGA-SAMP-065,PTEN,Frame_Shift_Del,chr16,98238203,INDEL,11.79,0,70,MALE,Stage III
TCGA-SAMP-065,APC,Missense_Mutation,chr1,76170913,SNP,11.79,0,70,MALE,Stage III
TCGA-SAMP-065,NF1,Missense_Mutation,chr13,69156627,SNP,11.79,0,70,MALE,Stage III
TCGA-SAMP-066,TP53,Missense_Mutation,chr12,60444167,SNP,11.68,0,66,FEMALE,Stage II
TCGA-SAMP-066,PIK3CA,Missense_Mutation,chr6,92701713,SNP,11.68,0,66,FEMALE,Stage II
TCGA-SAMP-067,TP53,Missense_Mutation,chr10,4855469,SNP,17.41,1,66,FEMALE,Stage IV
TCGA-SAMP-067,EGFR,Missense_Mutation,chr22,132293291,SNP,17.41,1,66,FEMALE,Stage IV
TCGA-SAMP-067,PIK3CA,Frame_Shift_Del,chr13,136310553,INDEL,17.41,1,66,FEMALE,Stage IV
TCGA-SAMP-067,ARID1A,Missense_Mutation,chr12,89697893,SNP,17.41,1,66,FEMALE,Stage IV
TCGA-SAMP-068,TP53,Splice_Site,chr3,142096476,INDEL,26.24,1,66,MALE,Stage I
TCGA-SAMP-068,EGFR,Missense_Mutation,chr15,33097728,SNP,26.24,1,66,MALE,Stage I
TCGA-SAMP-068,PIK3CA,Frame_Shift_Ins,chr21,145034935,INDEL,26.24,1,66,MALE,Stage I
TCGA-SAMP-068,NF1,Missense_Mutation,chr17,60211794,SNP,26.24,1,66,MALE,Stage I
TCGA-SAMP-069,NF1,Nonsense_Mutation,chr8,130281219,SNP,68.32,0,42,FEMALE,Stage III
TCGA-SAMP-069,BRCA1,Frame_Shift_Ins,chr12,145678317,INDEL,68.32,0,42,FEMALE,Stage III
TCGA-SAMP-069,IDH1,Missense_Mutation,chr9,149965973,SNP,68.32,0,42,FEMALE,Stage III
TCGA-SAMP-070,KRAS,Frame_Shift_Del,chr2,136407940,INDEL,13.26,0,38,MALE,Stage III
TCGA-SAMP-070,APC,Missense_Mutation,chr1,100916295,SNP,13.26,0,38,MALE,Stage III
TCGA-SAMP-071,TP53,Frame_Shift_Del,chr5,109125031,INDEL,42.84,1,40,MALE,Stage III
TCGA-SAMP-071,PIK3CA,Frame_Shift_Del,chr20,18820027,INDEL,42.84,1,40,MALE,Stage III
TCGA-SAMP-071,KRAS,Missense_Mutation,chr5,144032619,SNP,42.84,1,40,MALE,Stage III
TCGA-SAMP-071,BRCA2,Nonsense_Mutation,chr18,133972126,SNP,42.84,1,40,MALE,Stage III
TCGA-SAMP-071,IDH1,Missense_Mutation,chr1,63231845,SNP,42.84,1,40,MALE,Stage III
TCGA-SAMP-071,MYC,Splice_Site,chr5,31173264,INDEL,42.84,1,40,MALE,Stage III
TCGA-SAMP-072,APC,Missense_Mutation,chr18,75743942,SNP,14.55,1,53,MALE,Stage III
TCGA-SAMP-072,BRCA1,Nonsense_Mutation,chr13,79738835,SNP,14.55,1,53,MALE,Stage III
TCGA-SAMP-073,TP53,Missense_Mutation,chr8,133947708,SNP,26.29,0,66,MALE,Stage III
TCGA-SAMP-073,PIK3CA,Frame_Shift_Ins,chr2,110116822,INDEL,26.29,0,66,MALE,Stage III
TCGA-SAMP-073,BRAF,Missense_Mutation,chr18,79029433,SNP,26.29,0,66,MALE,Stage III
TCGA-SAMP-073,ARID1A,Missense_Mutation,chr8,8804813,SNP,26.29,0,66,MALE,Stage III
TCGA-SAMP-074,PTEN,Frame_Shift_Del,chr6,24201438,INDEL,5.0,1,78,MALE,Stage II
TCGA-SAMP-075,PIK3CA,Nonsense_Mutation,chr22,103499878,SNP,11.75,1,82,MALE,Stage II
TCGA-SAMP-075,KRAS,Missense_Mutation,chr15,22471392,SNP,11.75,1,82,MALE,Stage II
TCGA-SAMP-075,IDH1,Missense_Mutation,chr3,75588205,SNP,11.75,1,82,MALE,Stage II
TCGA-SAMP-076,APC,Missense_Mutation,chr12,103144228,SNP,4.57,0,77,FEMALE,Stage IV
TCGA-SAMP-076,MYC,Missense_Mutation,chrX,32582294,SNP,4.57,0,77,FEMALE,Stage IV
TCGA-SAMP-077,EGFR,Missense_Mutation,chr15,127630787,SNP,13.19,0,59,FEMALE,Stage II
TCGA-SAMP-077,PIK3CA,Missense_Mutation,chr21,30415282,SNP,13.19,0,59,FEMALE,Stage II
TCGA-SAMP-077,KRAS,Nonsense_Mutation,chr4,29205135,SNP,13.19,0,59,FEMALE,Stage II
TCGA-SAMP-077,BRCA1,Missense_Mutation,chr18,107067041,SNP,13.19,0,59,FEMALE,Stage II
TCGA-SAMP-077,IDH1,Nonsense_Mutation,chr11,108175916,SNP,13.19,0,59,FEMALE,Stage II
TCGA-SAMP-077,MYC,Splice_Site,chrY,20768329,INDEL,13.19,0,59,FEMALE,Stage II
TCGA-SAMP-078,TP53,Splice_Site,chrY,109307587,INDEL,17.17,0,65,FEMALE,Stage III
TCGA-SAMP-078,PTEN,Missense_Mutation,chr22,113913164,SNP,17.17,0,65,FEMALE,Stage III
TCGA-SAMP-079,BRAF,Missense_Mutation,chr4,106202729,SNP,4.47,0,82,FEMALE,Stage II
TCGA-SAMP-079,ARID1A,Frame_Shift_Del,chr3,125683990,INDEL,4.47,0,82,FEMALE,Stage II
TCGA-SAMP-079,BRCA2,Frame_Shift_Ins,chr5,72992046,INDEL,4.47,0,82,FEMALE,Stage II
TCGA-SAMP-080,PTEN,Missense_Mutation,chr2,105499615,SNP,129.18,1,66,MALE,Stage II
TCGA-SAMP-080,PIK3CA,Nonsense_Mutation,chr21,126023138,SNP,129.18,1,66,MALE,Stage II
TCGA-SAMP-080,RB1,Missense_Mutation,chrY,14678363,SNP,129.18,1,66,MALE,Stage II
TCGA-SAMP-081,NF1,Missense_Mutation,chr21,90927527,SNP,25.03,0,41,MALE,Stage II
TCGA-SAMP-082,APC,Missense_Mutation,chr12,112917593,SNP,2.69,0,69,MALE,Stage II
TCGA-SAMP-082,RB1,Frame_Shift_Ins,chr15,57797272,INDEL,2.69,0,69,MALE,Stage II
TCGA-SAMP-082,NF1,Frame_Shift_Ins,chr10,146886749,INDEL,2.69,0,69,MALE,Stage II
TCGA-SAMP-082,BRCA2,Missense_Mutation,chr16,32425149,SNP,2.69,0,69,MALE,Stage II
TCGA-SAMP-082,MYC,Frame_Shift_Del,chr5,79985559,INDEL,2.69,0,69,MALE,Stage II
TCGA-SAMP-083,KRAS,Missense_Mutation,chr7,11754304,SNP,103.24,1,46,FEMALE,Stage III
TCGA-SAMP-083,RB1,Frame_Shift_Del,chr14,56418065,INDEL,103.24,1,46,FEMALE,Stage III
TCGA-SAMP-084,PTEN,Frame_Shift_Del,chr22,52014894,INDEL,2.21,1,85,MALE,Stage II
TCGA-SAMP-084,RB1,Nonsense_Mutation,chr18,12770380,SNP,2.21,1,85,MALE,Stage II
TCGA-SAMP-084,MYC,Missense_Mutation,chr21,98428226,SNP,2.21,1,85,MALE,Stage II
TCGA-SAMP-085,TP53,Frame_Shift_Ins,chr2,144409713,INDEL,12.22,1,85,MALE,Stage II
TCGA-SAMP-085,NF1,Nonsense_Mutation,chr16,63707605,SNP,12.22,1,85,MALE,Stage II
TCGA-SAMP-085,MYC,Nonsense_Mutation,chr21,110961281,SNP,12.22,1,85,MALE,Stage II
TCGA-SAMP-086,PTEN,Missense_Mutation,chr12,121742783,SNP,24.89,0,72,MALE,Stage II
TCGA-SAMP-086,PIK3CA,Nonsense_Mutation,chr13,26479085,SNP,24.89,0,72,MALE,Stage II
TCGA-SAMP-086,RB1,Missense_Mutation,chr11,108337883,SNP,24.89,0,72,MALE,Stage II
TCGA-SAMP-086,BRCA2,Splice_Site,chr2,18368849,INDEL,24.89,0,72,MALE,Stage II
TCGA-SAMP-086,ATM,Missense_Mutation,chrY,74185474,SNP,24.89,0,72,MALE,Stage II
TCGA-SAMP-086,IDH1,Missense_Mutation,chr14,20120303,SNP,24.89,0,72,MALE,Stage II
TCGA-SAMP-087,APC,Frame_Shift_Ins,chr4,116242203,INDEL,72.45,0,65,MALE,Stage II
TCGA-SAMP-087,MYC,Frame_Shift_Ins,chr22,113153316,INDEL,72.45,0,65,MALE,Stage II
TCGA-SAMP-088,TP53,Missense_Mutation,chr2,37911773,SNP,10.9,1,53,MALE,Stage III
TCGA-SAMP-088,PTEN,Missense_Mutation,chr15,84488500,SNP,10.9,1,53,MALE,Stage III
TCGA-SAMP-088,KRAS,Nonsense_Mutation,chr7,119078624,SNP,10.9,1,53,MALE,Stage III
TCGA-SAMP-088,NF1,Splice_Site,chr5,94918476,INDEL,10.9,1,53,MALE,Stage III
TCGA-SAMP-088,ARID1A,Missense_Mutation,chr17,68180112,SNP,10.9,1,53,MALE,Stage III
TCGA-SAMP-088,IDH1,Missense_Mutation,chr4,52395219,SNP,10.9,1,53,MALE,Stage III
TCGA-SAMP-089,BRAF,Nonsense_Mutation,chr17,144806679,SNP,32.93,1,79,MALE,Stage II
TCGA-SAMP-089,ATM,Missense_Mutation,chr8,103082420,SNP,32.93,1,79,MALE,Stage II
TCGA-SAMP-090,BRAF,Nonsense_Mutation,chr12,52592736,SNP,82.36,0,50,MALE,Stage II
TCGA-SAMP-090,NF1,Missense_Mutation,chr8,95843480,SNP,82.36,0,50,MALE,Stage II
TCGA-SAMP-090,ATM,Nonsense_Mutation,chr17,81710372,SNP,82.36,0,50,MALE,Stage II
TCGA-SAMP-091,ARID1A,Missense_Mutation,chr10,90057925,SNP,13.11,0,77,MALE,Stage II
TCGA-SAMP-091,BRCA1,Missense_Mutation,chr16,130495355,SNP,13.11,0,77,MALE,Stage II
TCGA-SAMP-092,EGFR,Missense_Mutation,chr4,46113251,SNP,32.08,1,81,MALE,Stage I
TCGA-SAMP-092,APC,Missense_Mutation,chr18,41827753,SNP,32.08,1,81,MALE,Stage I
TCGA-SAMP-092,MYC,Nonsense_Mutation,chr15,139736680,SNP,32.08,1,81,MALE,Stage I
TCGA-SAMP-093,BRAF,Nonsense_Mutation,chr19,51317069,SNP,4.65,1,49,MALE,Stage III
TCGA-SAMP-093,RB1,Missense_Mutation,chr21,14904511,SNP,4.65,1,49,MALE,Stage III
TCGA-SAMP-094,PTEN,Splice_Site,chr11,32569247,INDEL,23.7,0,75,MALE,Stage II
TCGA-SAMP-094,BRAF,Missense_Mutation,chr18,28999868,SNP,23.7,0,75,MALE,Stage II
TCGA-SAMP-094,NF1,Missense_Mutation,chr18,111817982,SNP,23.7,0,75,MALE,Stage II
TCGA-SAMP-094,BRCA1,Frame_Shift_Del,chr12,35254340,INDEL,23.7,0,75,MALE,Stage II
TCGA-SAMP-095,KRAS,Frame_Shift_Del,chr10,40178991,INDEL,162.28,0,38,FEMALE,Stage II
TCGA-SAMP-095,ARID1A,Splice_Site,chr10,139945473,INDEL,162.28,0,38,FEMALE,Stage II
TCGA-SAMP-095,MYC,Splice_Site,chr9,1216271,INDEL,162.28,0,38,FEMALE,Stage II
TCGA-SAMP-096,PTEN,Missense_Mutation,chr22,86774443,SNP,4.66,1,50,MALE,Stage II
TCGA-SAMP-096,NF1,Frame_Shift_Del,chrX,141056741,INDEL,4.66,1,50,MALE,Stage II
TCGA-SAMP-097,KRAS,Missense_Mutation,chr6,54532684,SNP,17.83,1,52,MALE,Stage III
TCGA-SAMP-097,APC,Missense_Mutation,chrX,43520892,SNP,17.83,1,52,MALE,Stage III
TCGA-SAMP-097,RB1,Missense_Mutation,chr16,66429075,SNP,17.83,1,52,MALE,Stage III
TCGA-SAMP-098,TP53,Missense_Mutation,chr22,34097463,SNP,31.47,1,57,FEMALE,Stage III
TCGA-SAMP-098,RB1,Frame_Shift_Del,chrX,112200497,INDEL,31.47,1,57,FEMALE,Stage III
TCGA-SAMP-098,ARID1A,Missense_Mutation,chr15,75541964,SNP,31.47,1,57,FEMALE,Stage III
TCGA-SAMP-098,BRCA1,Frame_Shift_Ins,chr6,48106403,INDEL,31.47,1,57,FEMALE,Stage III
TCGA-SAMP-098,ATM,Frame_Shift_Ins,chr15,117362413,INDEL,31.47,1,57,FEMALE,Stage III
TCGA-SAMP-099,KRAS,Frame_Shift_Del,chr11,104002832,INDEL,26.65,0,38,MALE,Stage II
TCGA-SAMP-099,BRCA1,Missense_Mutation,chr3,8321252,SNP,26.65,0,38,MALE,Stage II
TCGA-SAMP-099,ATM,Splice_Site,chr17,88949481,INDEL,26.65,0,38,MALE,Stage II
TCGA-SAMP-100,EGFR,Missense_Mutation,chr7,147804738,SNP,1.99,1,72,MALE,Stage II
TCGA-SAMP-100,APC,Frame_Shift_Del,chr12,44570459,INDEL,1.99,1,72,MALE,Stage II
TCGA-SAMP-100,ARID1A,Missense_Mutation,chrY,138342461,SNP,1.99,1,72,MALE,Stage II
TCGA-SAMP-100,BRCA1,Missense_Mutation,chr7,110104150,SNP,1.99,1,72,MALE,Stage II
TCGA-SAMP-101,PTEN,Missense_Mutation,chr13,144469335,SNP,1.5,1,43,MALE,Stage III
TCGA-SAMP-101,PIK3CA,Missense_Mutation,chr18,135122841,SNP,1.5,1,43,MALE,Stage III
TCGA-SAMP-101,NF1,Missense_Mutation,chr15,93830769,SNP,1.5,1,43,MALE,Stage III
TCGA-SAMP-101,BRCA2,Nonsense_Mutation,chr16,79332916,SNP,1.5,1,43,MALE,Stage III
TCGA-SAMP-101,ATM,Missense_Mutation,chr12,43727391,SNP,1.5,1,43,MALE,Stage III
TCGA-SAMP-102,EGFR,Frame_Shift_Del,chrX,45616505,INDEL,48.19,1,66,MALE,Stage IV
TCGA-SAMP-102,PTEN,Splice_Site,chr17,113626674,INDEL,48.19,1,66,MALE,Stage IV
TCGA-SAMP-102,BRAF,Splice_Site,chr1,112829265,INDEL,48.19,1,66,MALE,Stage IV
TCGA-SAMP-102,ARID1A,Missense_Mutation,chr22,100563184,SNP,48.19,1,66,MALE,Stage IV
TCGA-SAMP-103,APC,Frame_Shift_Del,chr22,122895064,INDEL,101.23,1,48,MALE,Stage II
TCGA-SAMP-103,BRCA2,Missense_Mutation,chr8,93472041,SNP,101.23,1,48,MALE,Stage II
TCGA-SAMP-104,APC,Missense_Mutation,chr8,12255092,SNP,4.04,0,57,FEMALE,Stage II
TCGA-SAMP-104,RB1,Frame_Shift_Del,chr14,39347228,INDEL,4.04,0,57,FEMALE,Stage II
TCGA-SAMP-104,BRCA2,Missense_Mutation,chrY,113621917,SNP,4.04,0,57,FEMALE,Stage II
TCGA-SAMP-105,KRAS,Missense_Mutation,chr5,115963858,SNP,79.99,1,47,MALE,Stage IV
TCGA-SAMP-105,APC,Splice_Site,chr12,100300009,INDEL,79.99,1,47,MALE,Stage IV
TCGA-SAMP-105,BRAF,Missense_Mutation,chr9,64925507,SNP,79.99,1,47,MALE,Stage IV
TCGA-SAMP-105,BRCA1,Splice_Site,chr14,141957895,INDEL,79.99,1,47,MALE,Stage IV
TCGA-SAMP-105,MYC,Frame_Shift_Del,chr16,133859234,INDEL,79.99,1,47,MALE,Stage IV
TCGA-SAMP-106,EGFR,Frame_Shift_Del,chr6,67580480,INDEL,16.03,0,50,MALE,Stage IV
TCGA-SAMP-106,PIK3CA,Missense_Mutation,chr8,81660164,SNP,16.03,0,50,MALE,Stage IV
TCGA-SAMP-106,BRCA1,Nonsense_Mutation,chr11,22462925,SNP,16.03,0,50,MALE,Stage IV
TCGA-SAMP-106,MYC,Nonsense_Mutation,chr13,45245249,SNP,16.03,0,50,MALE,Stage IV
TCGA-SAMP-107,TP53,Frame_Shift_Del,chr6,133819610,INDEL,48.9,0,48,FEMALE,Stage II
TCGA-SAMP-107,EGFR,Frame_Shift_Del,chr5,131227426,INDEL,48.9,0,48,FEMALE,Stage II
TCGA-SAMP-107,APC,Missense_Mutation,chr5,104641659,SNP,48.9,0,48,FEMALE,Stage II
TCGA-SAMP-108,PIK3CA,Frame_Shift_Ins,chr21,57988503,INDEL,61.61,0,75,MALE,Stage III
TCGA-SAMP-108,KRAS,Missense_Mutation,chr1,72994131,SNP,61.61,0,75,MALE,Stage III
TCGA-SAMP-108,RB1,Splice_Site,chr11,112403032,INDEL,61.61,0,75,MALE,Stage III
TCGA-SAMP-108,MYC,Missense_Mutation,chr16,54233825,SNP,61.61,0,75,MALE,Stage III
TCGA-SAMP-109,EGFR,Missense_Mutation,chr15,130161971,SNP,56.69,1,69,MALE,Stage III
TCGA-SAMP-109,BRCA1,Missense_Mutation,chr21,143149652,SNP,56.69,1,69,MALE,Stage III
TCGA-SAMP-110,BRAF,Nonsense_Mutation,chrY,19439821,SNP,56.05,0,53,MALE,Stage III
TCGA-SAMP-110,ATM,Nonsense_Mutation,chr20,77409808,SNP,56.05,0,53,MALE,Stage III
TCGA-SAMP-110,IDH1,Missense_Mutation,chrY,116815789,SNP,56.05,0,53,MALE,Stage III
TCGA-SAMP-111,BRAF,Missense_Mutation,chr7,14007579,SNP,51.28,0,66,MALE,Stage III
TCGA-SAMP-111,BRCA1,Nonsense_Mutation,chr6,25186627,SNP,51.28,0,66,MALE,Stage III
TCGA-SAMP-111,BRCA2,Missense_Mutation,chr9,53374943,SNP,51.28,0,66,MALE,Stage III
TCGA-SAMP-112,TP53,Missense_Mutation,chr9,8652442,SNP,24.8,1,62,FEMALE,Stage II
TCGA-SAMP-112,BRAF,Splice_Site,chrX,134603439,INDEL,24.8,1,62,FEMALE,Stage II
TCGA-SAMP-112,ARID1A,Missense_Mutation,chr3,76450218,SNP,24.8,1,62,FEMALE,Stage II
TCGA-SAMP-112,IDH1,Missense_Mutation,chr20,140654084,SNP,24.8,1,62,FEMALE,Stage II
TCGA-SAMP-113,TP53,Nonsense_Mutation,chr9,148821084,SNP,44.62,1,71,MALE,Stage III
TCGA-SAMP-113,EGFR,Missense_Mutation,chr3,72198768,SNP,44.62,1,71,MALE,Stage III
TCGA-SAMP-113,PTEN,Missense_Mutation,chr1,108083879,SNP,44.62,1,71,MALE,Stage III
TCGA-SAMP-114,PTEN,Nonsense_Mutation,chr22,142977250,SNP,22.06,1,58,FEMALE,Stage II
TCGA-SAMP-114,ARID1A,Missense_Mutation,chr18,139171770,SNP,22.06,1,58,FEMALE,Stage II
TCGA-SAMP-114,BRCA1,Frame_Shift_Del,chr10,146269280,INDEL,22.06,1,58,FEMALE,Stage II
TCGA-SAMP-115,APC,Missense_Mutation,chr8,135067699,SNP,114.47,0,75,MALE,Stage II
TCGA-SAMP-115,BRAF,Nonsense_Mutation,chr7,4560276,SNP,114.47,0,75,MALE,Stage II
TCGA-SAMP-115,ATM,Missense_Mutation,chr9,24609968,SNP,114.47,0,75,MALE,Stage II
TCGA-SAMP-115,IDH1,Nonsense_Mutation,chr19,20985050,SNP,114.47,0,75,MALE,Stage II
TCGA-SAMP-116,KRAS,Nonsense_Mutation,chr14,84178592,SNP,172.83,1,64,MALE,Stage III
TCGA-SAMP-117,EGFR,Missense_Mutation,chr13,73490510,SNP,2.57,0,81,MALE,Stage I
TCGA-SAMP-117,PTEN,Missense_Mutation,chr15,28851505,SNP,2.57,0,81,MALE,Stage I
TCGA-SAMP-117,PIK3CA,Nonsense_Mutation,chr1,80572702,SNP,2.57,0,81,MALE,Stage I
TCGA-SAMP-117,APC,Missense_Mutation,chr15,5159667,SNP,2.57,0,81,MALE,Stage I
TCGA-SAMP-118,EGFR,Nonsense_Mutation,chr9,126035142,SNP,59.95,1,47,FEMALE,Stage I
TCGA-SAMP-118,KRAS,Nonsense_Mutation,chr2,128912636,SNP,59.95,1,47,FEMALE,Stage I
TCGA-SAMP-118,APC,Missense_Mutation,chr16,73703367,SNP,59.95,1,47,FEMALE,Stage I
TCGA-SAMP-118,BRCA1,Missense_Mutation,chr15,122727198,SNP,59.95,1,47,FEMALE,Stage I
TCGA-SAMP-120,KRAS,Frame_Shift_Del,chr5,89179814,INDEL,35.22,1,66,FEMALE,Stage I
TCGA-SAMP-120,APC,Frame_Shift_Del,chrY,51239392,INDEL,35.22,1,66,FEMALE,Stage I
TCGA-SAMP-120,RB1,Frame_Shift_Del,chr10,89531483,INDEL,35.22,1,66,FEMALE,Stage I
TCGA-SAMP-120,ARID1A,Missense_Mutation,chr15,39664766,SNP,35.22,1,66,FEMALE,Stage I
TCGA-SAMP-120,ATM,Nonsense_Mutation,chr5,133610535,SNP,35.22,1,66,FEMALE,Stage I
TCGA-SAMP-121,PIK3CA,Frame_Shift_Del,chr5,118369303,INDEL,1.5,1,80,MALE,Stage III
TCGA-SAMP-121,BRAF,Nonsense_Mutation,chr14,133054101,SNP,1.5,1,80,MALE,Stage III
TCGA-SAMP-121,BRCA2,Frame_Shift_Del,chr21,21780041,INDEL,1.5,1,80,MALE,Stage III
TCGA-SAMP-121,IDH1,Nonsense_Mutation,chr10,6399492,SNP,1.5,1,80,MALE,Stage III
TCGA-SAMP-122,PIK3CA,Missense_Mutation,chr15,114278685,SNP,94.17,1,40,FEMALE,Stage II
TCGA-SAMP-122,NF1,Frame_Shift_Del,chr17,138645036,INDEL,94.17,1,40,FEMALE,Stage II
TCGA-SAMP-123,TP53,Splice_Site,chr17,32081908,INDEL,11.31,1,74,MALE,Stage II
TCGA-SAMP-123,RB1,Nonsense_Mutation,chr3,109713964,SNP,11.31,1,74,MALE,Stage II
TCGA-SAMP-124,PIK3CA,Missense_Mutation,chr17,100536580,SNP,147.45,0,45,FEMALE,Stage II
TCGA-SAMP-124,BRCA2,Nonsense_Mutation,chr11,110770867,SNP,147.45,0,45,FEMALE,Stage II
TCGA-SAMP-124,IDH1,Missense_Mutation,chr6,102302896,SNP,147.45,0,45,FEMALE,Stage II
TCGA-SAMP-125,EGFR,Missense_Mutation,chr20,112763550,SNP,3.1,0,77,FEMALE,Stage I
TCGA-SAMP-126,KRAS,Missense_Mutation,chr13,7185904,SNP,54.15,1,53,FEMALE,Stage III
TCGA-SAMP-126,BRCA1,Missense_Mutation,chr15,6939789,SNP,54.15,1,53,FEMALE,Stage III
TCGA-SAMP-127,TP53,Missense_Mutation,chr3,21714133,SNP,5.22,0,84,FEMALE,Stage I
TCGA-SAMP-127,ATM,Missense_Mutation,chr7,125866947,SNP,5.22,0,84,FEMALE,Stage I
TCGA-SAMP-128,TP53,Frame_Shift_Del,chr8,81372708,INDEL,29.42,1,46,MALE,Stage II
TCGA-SAMP-128,APC,Nonsense_Mutation,chrX,65165901,SNP,29.42,1,46,MALE,Stage II
TCGA-SAMP-128,NF1,Missense_Mutation,chr11,30550573,SNP,29.42,1,46,MALE,Stage II
TCGA-SAMP-128,BRCA2,Missense_Mutation,chr19,97065754,SNP,29.42,1,46,MALE,Stage II
TCGA-SAMP-128,MYC,Nonsense_Mutation,chr2,84223279,SNP,29.42,1,46,MALE,Stage II
TCGA-SAMP-129,EGFR,Frame_Shift_Del,chr13,101514814,INDEL,14.13,1,68,MALE,Stage III
TCGA-SAMP-130,EGFR,Nonsense_Mutation,chr17,138790742,SNP,163.93,1,83,FEMALE,Stage II
TCGA-SAMP-130,BRAF,Missense_Mutation,chr18,110363473,SNP,163.93,1,83,FEMALE,Stage II
TCGA-SAMP-130,ATM,Frame_Shift_Del,chrX,142500263,INDEL,163.93,1,83,FEMALE,Stage II
TCGA-SAMP-131,EGFR,Nonsense_Mutation,chr2,147080478,SNP,12.58,1,54,FEMALE,Stage III
TCGA-SAMP-131,PTEN,Missense_Mutation,chr12,117982416,SNP,12.58,1,54,FEMALE,Stage III
TCGA-SAMP-131,KRAS,Missense_Mutation,chr18,112497407,SNP,12.58,1,54,FEMALE,Stage III
TCGA-SAMP-131,BRCA2,Missense_Mutation,chr11,61151512,SNP,12.58,1,54,FEMALE,Stage III
TCGA-SAMP-132,RB1,Missense_Mutation,chrX,9244220,SNP,21.19,0,71,FEMALE,Stage II
TCGA-SAMP-132,BRCA2,Missense_Mutation,chrX,18273652,SNP,21.19,0,71,FEMALE,Stage II
TCGA-SAMP-133,KRAS,Nonsense_Mutation,chr19,40213874,SNP,10.68,0,75,FEMALE,Stage I
TCGA-SAMP-133,BRAF,Missense_Mutation,chr5,82992079,SNP,10.68,0,75,FEMALE,Stage I
TCGA-SAMP-133,BRCA1,Nonsense_Mutation,chr14,89352066,SNP,10.68,0,75,FEMALE,Stage I
TCGA-SAMP-133,ATM,Missense_Mutation,chr9,41674796,SNP,10.68,0,75,FEMALE,Stage I
TCGA-SAMP-134,BRAF,Missense_Mutation,chr9,49925495,SNP,10.63,0,40,MALE,Stage III
TCGA-SAMP-134,NF1,Nonsense_Mutation,chr3,13531835,SNP,10.63,0,40,MALE,Stage III
TCGA-SAMP-134,BRCA1,Missense_Mutation,chr8,131758549,SNP,10.63,0,40,MALE,Stage III
TCGA-SAMP-134,BRCA2,Splice_Site,chr4,98202804,INDEL,10.63,0,40,MALE,Stage III
TCGA-SAMP-134,MYC,Missense_Mutation,chr22,137604821,SNP,10.63,0,40,MALE,Stage III
TCGA-SAMP-135,PIK3CA,Missense_Mutation,chr5,106810807,SNP,199.21,0,60,FEMALE,Stage II
TCGA-SAMP-135,RB1,Missense_Mutation,chr3,125898510,SNP,199.21,0,60,FEMALE,Stage II
TCGA-SAMP-135,IDH1,Missense_Mutation,chr6,52966880,SNP,199.21,0,60,FEMALE,Stage II
TCGA-SAMP-136,KRAS,Nonsense_Mutation,chr21,59735369,SNP,57.76,0,47,MALE,Stage II
TCGA-SAMP-136,RB1,Nonsense_Mutation,chr6,75486847,SNP,57.76,0,47,MALE,Stage II
TCGA-SAMP-137,ARID1A,Frame_Shift_Del,chr8,13821794,INDEL,25.32,0,73,MALE,Stage I
TCGA-SAMP-137,MYC,Missense_Mutation,chr12,84748451,SNP,25.32,0,73,MALE,Stage I
TCGA-SAMP-138,BRAF,Missense_Mutation,chr9,75181232,SNP,132.54,1,75,MALE,Stage IV
TCGA-SAMP-138,NF1,Splice_Site,chr10,90616920,INDEL,132.54,1,75,MALE,Stage IV
TCGA-SAMP-138,ATM,Frame_Shift_Del,chr21,117203047,INDEL,132.54,1,75,MALE,Stage IV
TCGA-SAMP-139,NF1,Missense_Mutation,chr17,33779364,SNP,18.36,0,68,MALE,Stage III
TCGA-SAMP-139,BRCA2,Missense_Mutation,chr1,87863889,SNP,18.36,0,68,MALE,Stage III
TCGA-SAMP-140,BRAF,Splice_Site,chr3,34638588,INDEL,55.7,0,75,FEMALE,Stage II
TCGA-SAMP-140,BRCA1,Nonsense_Mutation,chr11,117063377,SNP,55.7,0,75,FEMALE,Stage II
TCGA-SAMP-140,MYC,Splice_Site,chr3,136139095,INDEL,55.7,0,75,FEMALE,Stage II
TCGA-SAMP-141,BRAF,Missense_Mutation,chr22,56061553,SNP,9.02,0,85,FEMALE,Stage II
TCGA-SAMP-141,NF1,Splice_Site,chr19,141399258,INDEL,9.02,0,85,FEMALE,Stage II
TCGA-SAMP-143,TP53,Missense_Mutation,chr10,39484827,SNP,1.5,1,46,FEMALE,Stage III
TCGA-SAMP-143,EGFR,Frame_Shift_Ins,chrX,141401338,INDEL,1.5,1,46,FEMALE,Stage III
TCGA-SAMP-143,BRAF,Missense_Mutation,chr4,123825237,SNP,1.5,1,46,FEMALE,Stage III
TCGA-SAMP-143,BRCA1,Missense_Mutation,chr7,44955106,SNP,1.5,1,46,FEMALE,Stage III
TCGA-SAMP-144,NF1,Splice_Site,chr13,118294006,INDEL,49.53,1,77,MALE,Stage III
TCGA-SAMP-144,BRCA2,Missense_Mutation,chr1,99648437,SNP,49.53,1,77,MALE,Stage III
TCGA-SAMP-146,EGFR,Splice_Site,chr19,134543119,INDEL,127.77,0,64,MALE,Stage II
TCGA-SAMP-146,KRAS,Missense_Mutation,chr4,14206894,SNP,127.77,0,64,MALE,Stage II
TCGA-SAMP-146,RB1,Missense_Mutation,chr8,84672348,SNP,127.77,0,64,MALE,Stage II
TCGA-SAMP-146,MYC,Missense_Mutation,chr20,72358398,SNP,127.77,0,64,MALE,Stage II
TCGA-SAMP-147,TP53,Nonsense_Mutation,chr9,149976,SNP,29.77,1,81,FEMALE,Stage III
TCGA-SAMP-147,PTEN,Missense_Mutation,chr6,56193351,SNP,29.77,1,81,FEMALE,Stage III
TCGA-SAMP-147,RB1,Missense_Mutation,chr15,15642211,SNP,29.77,1,81,FEMALE,Stage III
TCGA-SAMP-148,PIK3CA,Splice_Site,chr16,115807258,INDEL,26.01,1,55,FEMALE,Stage II
TCGA-SAMP-148,ARID1A,Frame_Shift_Del,chr16,68629722,INDEL,26.01,1,55,FEMALE,Stage II
TCGA-SAMP-148,ATM,Missense_Mutation,chr2,131662238,SNP,26.01,1,55,FEMALE,Stage II
TCGA-SAMP-149,APC,Nonsense_Mutation,chr5,132092304,SNP,35.1,1,77,MALE,Stage III
TCGA-SAMP-150,APC,Splice_Site,chr13,111311077,INDEL,98.77,0,50,MALE,Stage II
