Patient_ID,Hugo_Symbol,Variant_Classification,Chromosome,Start_Position,Variant_Type
TCGA-SAMP-001,KRAS,Frame_Shift_Del,chr19,93510762,INDEL
TCGA-SAMP-001,NF1,Missense_Mutation,chr2,148271095,SNP
TCGA-SAMP-001,BRCA2,Splice_Site,chr21,106428085,INDEL
TCGA-SAMP-001,ATM,Missense_Mutation,chr17,106506362,SNP
TCGA-SAMP-001,MYC,Nonsense_Mutation,chr16,79857501,SNP
TCGA-SAMP-002,TP53,Missense_Mutation,chr19,32149003,SNP
TCGA-SAMP-002,PIK3CA,Missense_Mutation,chr19,55931368,SNP
TCGA-SAMP-002,KRAS,Missense_Mutation,chr4,20293880,SNP
TCGA-SAMP-002,NF1,Missense_Mutation,chr20,11492366,SNP
TCGA-SAMP-002,ATM,Frame_Shift_Ins,chr17,37809731,INDEL
TCGA-SAMP-002,IDH1,Splice_Site,chr4,86291493,INDEL
TCGA-SAMP-003,EGFR,Missense_Mutation,chr18,108044665,SNP
TCGA-SAMP-004,PIK3CA,Frame_Shift_Del,chr7,95640567,INDEL
TCGA-SAMP-004,BRAF,Missense_Mutation,chr19,83239152,SNP
TCGA-SAMP-005,TP53,Missense_Mutation,chrX,54574455,SNP
TCGA-SAMP-005,BRCA2,Missense_Mutation,chr15,109274313,SNP
TCGA-SAMP-006,PIK3CA,Nonsense_Mutation,chr7,23941962,SNP
TCGA-SAMP-006,BRCA2,Nonsense_Mutation,chr12,75515325,SNP
TCGA-SAMP-006,MYC,Nonsense_Mutation,chr7,136802141,SNP
TCGA-SAMP-007,TP53,Nonsense_Mutation,chr20,29959174,SNP
TCGA-SAMP-007,EGFR,Frame_Shift_Del,chr9,148739396,INDEL
TCGA-SAMP-007,APC,Frame_Shift_Del,chrY,66753416,INDEL
TCGA-SAMP-007,RB1,Missense_Mutation,chr20,7754909,SNP
TCGA-SAMP-007,BRCA1,Frame_Shift_Del,chrY,72173914,INDEL
TCGA-SAMP-007,IDH1,Missense_Mutation,chr5,139992447,SNP
TCGA-SAMP-008,EGFR,Frame_Shift_Del,chr12,44265849,INDEL
TCGA-SAMP-008,ATM,Missense_Mutation,chr1,110556008,SNP
TCGA-SAMP-008,MYC,Splice_Site,chr3,122046771,INDEL
TCGA-SAMP-009,APC,Missense_Mutation,chr9,14864960,SNP
TCGA-SAMP-010,TP53,Frame_Shift_Ins,chr16,71550611,INDEL
TCGA-SAMP-010,PIK3CA,Missense_Mutation,chr12,109269700,SNP
TCGA-SAMP-010,APC,Splice_Site,chr9,55323954,INDEL
TCGA-SAMP-010,BRCA2,Missense_Mutation,chr8,101264453,SNP
TCGA-SAMP-011,RB1,Frame_Shift_Ins,chr4,55503796,INDEL
TCGA-SAMP-011,NF1,Frame_Shift_Ins,chrY,105897503,INDEL
TCGA-SAMP-012,MYC,Missense_Mutation,chr12,12807035,SNP
TCGA-SAMP-013,ARID1A,Missense_Mutation,chr21,14750271,SNP
TCGA-SAMP-013,ATM,Frame_Shift_Del,chr10,136306901,INDEL
TCGA-SAMP-014,TP53,Missense_Mutation,chr15,64885345,SNP
TCGA-SAMP-014,APC,Nonsense_Mutation,chr22,26758609,SNP
TCGA-SAMP-015,PTEN,Missense_Mutation,chrX,67327698,SNP
TCGA-SAMP-015,RB1,Missense_Mutation,chr20,43481573,SNP
TCGA-SAMP-016,EGFR,Splice_Site,chr15,51692034,INDEL
TCGA-SAMP-016,BRCA1,Missense_Mutation,chr5,108111636,SNP
TCGA-SAMP-016,BRCA2,Missense_Mutation,chr9,4394539,SNP
TCGA-SAMP-016,IDH1,Frame_Shift_Ins,chr1,20940174,INDEL
TCGA-SAMP-017,ATM,Missense_Mutation,chr14,125938555,SNP
TCGA-SAMP-017,IDH1,Missense_Mutation,chr17,69497491,SNP
TCGA-SAMP-017,MYC,Frame_Shift_Ins,chr16,57499769,INDEL
TCGA-SAMP-018,PTEN,Frame_Shift_Ins,chr5,101052086,INDEL
TCGA-SAMP-018,PIK3CA,Missense_Mutation,chr22,43451876,SNP
TCGA-SAMP-018,BRAF,Missense_Mutation,chr19,13570137,SNP
TCGA-SAMP-019,PIK3CA,Nonsense_Mutation,chr19,35058762,SNP
TCGA-SAMP-019,NF1,Splice_Site,chr13,116446891,INDEL
TCGA-SAMP-019,ARID1A,Nonsense_Mutation,chr2,137293970,SNP
TCGA-SAMP-020,BRAF,Missense_Mutation,chr21,129295004,SNP
TCGA-SAMP-020,NF1,Frame_Shift_Ins,chr9,25956919,INDEL
TCGA-SAMP-021,APC,Nonsense_Mutation,chr17,147535376,SNP
TCGA-SAMP-021,BRCA2,Missense_Mutation,chr9,148891186,SNP
TCGA-SAMP-021,ATM,Missense_Mutation,chr7,82996667,SNP
TCGA-SAMP-022,ARID1A,Missense_Mutation,chr10,17410852,SNP
TCGA-SAMP-023,RB1,Frame_Shift_Del,chr5,80868647,INDEL
TCGA-SAMP-024,TP53,Missense_Mutation,chr12,75624262,SNP
TCGA-SAMP-024,PIK3CA,Nonsense_Mutation,chr3,15914828,SNP
TCGA-SAMP-024,KRAS,Missense_Mutation,chr20,73951335,SNP
TCGA-SAMP-024,APC,Nonsense_Mutation,chr9,89730668,SNP
TCGA-SAMP-024,ARID1A,Missense_Mutation,chr1,110577445,SNP
TCGA-SAMP-024,MYC,Missense_Mutation,chr21,48618372,SNP
TCGA-SAMP-025,PTEN,Missense_Mutation,chr15,18992008,SNP
TCGA-SAMP-025,BRCA2,Missense_Mutation,chr6,78082667,SNP
TCGA-SAMP-025,ATM,Nonsense_Mutation,chr21,117701287,SNP
TCGA-SAMP-025,IDH1,Frame_Shift_Del,chr4,112621305,INDEL
TCGA-SAMP-026,APC,Missense_Mutation,chr9,5662067,SNP
TCGA-SAMP-026,NF1,Nonsense_Mutation,chr3,43209628,SNP
TCGA-SAMP-026,IDH1,Missense_Mutation,chr18,113345302,SNP
TCGA-SAMP-027,NF1,Missense_Mutation,chr9,38119582,SNP
TCGA-SAMP-027,BRCA1,Missense_Mutation,chr6,18200699,SNP
TCGA-SAMP-028,APC,Nonsense_Mutation,chr19,106322252,SNP
TCGA-SAMP-028,BRCA2,Nonsense_Mutation,chr2,95956757,SNP
TCGA-SAMP-029,EGFR,Missense_Mutation,chr17,38820111,SNP
TCGA-SAMP-029,IDH1,Missense_Mutation,chr2,60184389,SNP
TCGA-SAMP-030,NF1,Missense_Mutation,chr5,69900140,SNP
TCGA-SAMP-031,PTEN,Splice_Site,chr4,142552407,INDEL
TCGA-SAMP-031,ATM,Missense_Mutation,chr6,147947812,SNP
TCGA-SAMP-032,PIK3CA,Missense_Mutation,chr15,12557080,SNP
TCGA-SAMP-032,BRAF,Frame_Shift_Del,chr16,11245552,INDEL
TCGA-SAMP-032,BRCA1,Splice_Site,chr15,42858171,INDEL
TCGA-SAMP-032,MYC,Missense_Mutation,chrY,34961938,SNP
TCGA-SAMP-033,KRAS,Nonsense_Mutation,chr6,140190082,SNP
TCGA-SAMP-033,BRAF,Nonsense_Mutation,chrX,9910404,SNP
TCGA-SAMP-033,RB1,Splice_Site,chr7,41242200,INDEL
TCGA-SAMP-033,ARID1A,Missense_Mutation,chr12,66789168,SNP
TCGA-SAMP-034,IDH1,Missense_Mutation,chr21,119754085,SNP
TCGA-SAMP-035,PTEN,Missense_Mutation,chrY,93581782,SNP
TCGA-SAMP-035,KRAS,Missense_Mutation,chr8,40736644,SNP
TCGA-SAMP-035,BRAF,Nonsense_Mutation,chr2,58075251,SNP
TCGA-SAMP-035,BRCA2,Frame_Shift_Ins,chr19,36012253,INDEL
TCGA-SAMP-036,PTEN,Splice_Site,chr22,100827619,INDEL
TCGA-SAMP-036,BRAF,Nonsense_Mutation,chr14,106572997,SNP
TCGA-SAMP-036,NF1,Frame_Shift_Del,chr4,35070444,INDEL
TCGA-SAMP-036,BRCA1,Missense_Mutation,chr18,72117911,SNP
TCGA-SAMP-036,BRCA2,Nonsense_Mutation,chrX,61219361,SNP
TCGA-SAMP-037,ARID1A,Nonsense_Mutation,chrY,3709736,SNP
TCGA-SAMP-037,MYC,Missense_Mutation,chr8,66418090,SNP
TCGA-SAMP-038,PTEN,Frame_Shift_Del,chr21,9010852,INDEL
TCGA-SAMP-039,KRAS,Missense_Mutation,chr8,10116389,SNP
TCGA-SAMP-039,NF1,Frame_Shift_Del,chr15,143814291,INDEL
TCGA-SAMP-040,TP53,Frame_Shift_Del,chr4,31838453,INDEL
TCGA-SAMP-040,KRAS,Nonsense_Mutation,chr13,16513486,SNP
TCGA-SAMP-040,BRAF,Nonsense_Mutation,chrY,9928366,SNP
TCGA-SAMP-040,NF1,Frame_Shift_Del,chr15,145936355,INDEL
TCGA-SAMP-041,EGFR,Splice_Site,chr10,129053191,INDEL
TCGA-SAMP-041,BRAF,Frame_Shift_Del,chr13,60728583,INDEL
TCGA-SAMP-041,ARID1A,Missense_Mutation,chr11,11409411,SNP
TCGA-SAMP-041,ATM,Missense_Mutation,chr10,91353744,SNP
TCGA-SAMP-042,APC,Nonsense_Mutation,chr21,113478925,SNP
TCGA-SAMP-042,BRAF,Splice_Site,chrX,84480672,INDEL
TCGA-SAMP-042,BRCA2,Missense_Mutation,chr9,77752169,SNP
TCGA-SAMP-042,IDH1,Missense_Mutation,chr9,99608798,SNP
TCGA-SAMP-043,BRAF,Missense_Mutation,chr19,65091256,SNP
TCGA-SAMP-043,IDH1,Missense_Mutation,chr21,65270480,SNP
TCGA-SAMP-043,MYC,Frame_Shift_Ins,chr20,92394504,INDEL
TCGA-SAMP-044,TP53,Frame_Shift_Del,chr22,98238587,INDEL
TCGA-SAMP-044,PTEN,Splice_Site,chr7,141340064,INDEL
TCGA-SAMP-045,APC,Nonsense_Mutation,chr8,55949014,SNP
TCGA-SAMP-045,BRCA2,Missense_Mutation,chr18,145802236,SNP
TCGA-SAMP-046,TP53,Splice_Site,chr8,115081624,INDEL
TCGA-SAMP-046,PTEN,Frame_Shift_Ins,chr1,143178663,INDEL
TCGA-SAMP-046,PIK3CA,Missense_Mutation,chrY,149422829,SNP
TCGA-SAMP-046,NF1,Frame_Shift_Del,chr14,49449430,INDEL
TCGA-SAMP-046,BRCA1,Missense_Mutation,chr7,87658294,SNP
TCGA-SAMP-046,ATM,Nonsense_Mutation,chr19,88325315,SNP
TCGA-SAMP-047,APC,Missense_Mutation,chr20,140511684,SNP
TCGA-SAMP-047,ATM,Frame_Shift_Del,chr10,14172989,INDEL
TCGA-SAMP-048,PTEN,Missense_Mutation,chr14,48830049,SNP
TCGA-SAMP-048,APC,Nonsense_Mutation,chr11,31351097,SNP
TCGA-SAMP-048,RB1,Frame_Shift_Ins,chrX,79087338,INDEL
TCGA-SAMP-048,ATM,Missense_Mutation,chr5,113574712,SNP
TCGA-SAMP-049,TP53,Nonsense_Mutation,chr22,51148404,SNP
TCGA-SAMP-049,MYC,Splice_Site,chr21,90233874,INDEL
TCGA-SAMP-050,ATM,Missense_Mutation,chr20,140021122,SNP
TCGA-SAMP-051,EGFR,Frame_Shift_Del,chr9,89917241,INDEL
TCGA-SAMP-051,ARID1A,Missense_Mutation,chr18,10147595,SNP
TCGA-SAMP-051,MYC,Missense_Mutation,chr17,50860636,SNP
TCGA-SAMP-052,PIK3CA,Missense_Mutation,chr16,36145138,SNP
TCGA-SAMP-052,MYC,Missense_Mutation,chr10,110754479,SNP
TCGA-SAMP-053,EGFR,Splice_Site,chr21,1624102,INDEL
TCGA-SAMP-053,PTEN,Missense_Mutation,chr21,22000146,SNP
TCGA-SAMP-053,BRCA2,Missense_Mutation,chrY,62176001,SNP
TCGA-SAMP-054,ATM,Missense_Mutation,chr13,124384044,SNP
TCGA-SAMP-055,TP53,Missense_Mutation,chr14,73923165,SNP
TCGA-SAMP-055,EGFR,Missense_Mutation,chr21,10860888,SNP
TCGA-SAMP-055,APC,Missense_Mutation,chr7,96819187,SNP
TCGA-SAMP-055,NF1,Nonsense_Mutation,chr14,120588081,SNP
TCGA-SAMP-055,BRCA1,Missense_Mutation,chr1,40157648,SNP
TCGA-SAMP-055,ATM,Nonsense_Mutation,chr5,38680196,SNP
TCGA-SAMP-055,IDH1,Missense_Mutation,chr6,17787991,SNP
TCGA-SAMP-056,KRAS,Missense_Mutation,chr8,22570291,SNP
TCGA-SAMP-056,NF1,Nonsense_Mutation,chr11,39143896,SNP
TCGA-SAMP-056,BRCA1,Splice_Site,chr3,58965527,INDEL
TCGA-SAMP-056,ATM,Missense_Mutation,chr15,123898230,SNP
TCGA-SAMP-057,EGFR,Frame_Shift_Ins,chr10,65589314,INDEL
TCGA-SAMP-057,KRAS,Frame_Shift_Del,chr3,149844728,INDEL
TCGA-SAMP-057,RB1,Missense_Mutation,chr9,69548631,SNP
TCGA-SAMP-057,ARID1A,Nonsense_Mutation,chr9,78060088,SNP
TCGA-SAMP-057,BRCA2,Missense_Mutation,chr15,129988295,SNP
TCGA-SAMP-058,EGFR,Missense_Mutation,chr5,140126769,SNP
TCGA-SAMP-058,PTEN,Missense_Mutation,chr16,83765691,SNP
TCGA-SAMP-058,PIK3CA,Missense_Mutation,chr17,34057164,SNP
TCGA-SAMP-059,RB1,Frame_Shift_Del,chr11,102385868,INDEL
TCGA-SAMP-059,ARID1A,Missense_Mutation,chrX,22198345,SNP
TCGA-SAMP-059,BRCA1,Nonsense_Mutation,chr11,144846022,SNP
TCGA-SAMP-059,BRCA2,Frame_Shift_Del,chr4,84428141,INDEL
TCGA-SAMP-059,MYC,Splice_Site,chr13,59944250,INDEL
TCGA-SAMP-060,BRAF,Nonsense_Mutation,chr7,109587327,SNP
TCGA-SAMP-060,ARID1A,Frame_Shift_Ins,chr5,1756671,INDEL
TCGA-SAMP-060,ATM,Frame_Shift_Del,chr12,20933173,INDEL
TCGA-SAMP-061,TP53,Missense_Mutation,chrY,134866876,SNP
TCGA-SAMP-061,APC,Missense_Mutation,chr1,47818021,SNP
TCGA-SAMP-061,ARID1A,Missense_Mutation,chr2,101575757,SNP
TCGA-SAMP-061,ATM,Nonsense_Mutation,chr9,116167598,SNP
TCGA-SAMP-062,EGFR,Missense_Mutation,chr14,126849717,SNP
TCGA-SAMP-062,PTEN,Nonsense_Mutation,chr3,57496048,SNP
TCGA-SAMP-062,KRAS,Missense_Mutation,chr21,148381646,SNP
TCGA-SAMP-062,MYC,Missense_Mutation,chrY,1174961,SNP
TCGA-SAMP-063,PIK3CA,Splice_Site,chr17,123213052,INDEL
TCGA-SAMP-063,ARID1A,Nonsense_Mutation,chr21,128997401,SNP
TCGA-SAMP-063,IDH1,Nonsense_Mutation,chr17,56040773,SNP
TCGA-SAMP-064,TP53,Frame_Shift_Del,chr22,83729045,INDEL
TCGA-SAMP-064,APC,Frame_Shift_Del,chr21,42821553,INDEL
TCGA-SAMP-065,EGFR,Frame_Shift_Del,chr12,36197069,INDEL
TCGA-SAMP-065,PTEN,Frame_Shift_Del,chr16,98238203,INDEL
TCGA-SAMP-065,APC,Missense_Mutation,chr1,76170913,SNP
TCGA-SAMP-065,NF1,Missense_Mutation,chr13,69156627,SNP
TCGA-SAMP-066,TP53,Missense_Mutation,chr12,60444167,SNP
TCGA-SAMP-066,PIK3CA,Missense_Mutation,chr6,92701713,SNP
TCGA-SAMP-067,TP53,Missense_Mutation,chr10,4855469,SNP
TCGA-SAMP-067,EGFR,Missense_Mutation,chr22,132293291,SNP
TCGA-SAMP-067,PIK3CA,Frame_Shift_Del,chr13,136310553,INDEL
TCGA-SAMP-067,ARID1A,Missense_Mutation,chr12,89697893,SNP
TCGA-SAMP-068,TP53,Splice_Site,chr3,142096476,INDEL
TCGA-SAMP-068,EGFR,Missense_Mutation,chr15,33097728,SNP
TCGA-SAMP-068,PIK3CA,Frame_Shift_Ins,chr21,145034935,INDEL
TCGA-SAMP-068,NF1,Missense_Mutation,chr17,60211794,SNP
TCGA-SAMP-069,NF1,Nonsense_Mutation,chr8,130281219,SNP
TCGA-SAMP-069,BRCA1,Frame_Shift_Ins,chr12,145678317,INDEL
TCGA-SAMP-069,IDH1,Missense_Mutation,chr9,149965973,SNP
TCGA-SAMP-070,KRAS,Frame_Shift_Del,chr2,136407940,INDEL
TCGA-SAMP-070,APC,Missense_Mutation,chr1,100916295,SNP
TCGA-SAMP-071,TP53,Frame_Shift_Del,chr5,109125031,INDEL
TCGA-SAMP-071,PIK3CA,Frame_Shift_Del,chr20,18820027,INDEL
TCGA-SAMP-071,KRAS,Missense_Mutation,chr5,144032619,SNP
TCGA-SAMP-071,BRCA2,Nonsense_Mutation,chr18,133972126,SNP
TCGA-SAMP-071,IDH1,Missense_Mutation,chr1,63231845,SNP
TCGA-SAMP-071,MYC,Splice_Site,chr5,31173264,INDEL
TCGA-SAMP-072,APC,Missense_Mutation,chr18,75743942,SNP
TCGA-SAMP-072,BRCA1,Nonsense_Mutation,chr13,79738835,SNP
TCGA-SAMP-073,TP53,Missense_Mutation,chr8,133947708,SNP
TCGA-SAMP-073,PIK3CA,Frame_Shift_Ins,chr2,110116822,INDEL
TCGA-SAMP-073,BRAF,Missense_Mutation,chr18,79029433,SNP
TCGA-SAMP-073,ARID1A,Missense_Mutation,chr8,8804813,SNP
TCGA-SAMP-074,PTEN,Frame_Shift_Del,chr6,24201438,INDEL
TCGA-SAMP-075,PIK3CA,Nonsense_Mutation,chr22,103499878,SNP
TCGA-SAMP-075,KRAS,Missense_Mutation,chr15,22471392,SNP
TCGA-SAMP-075,IDH1,Missense_Mutation,chr3,75588205,SNP
TCGA-SAMP-076,APC,Missense_Mutation,chr12,103144228,SNP
TCGA-SAMP-076,MYC,Missense_Mutation,chrX,32582294,SNP
TCGA-SAMP-077,EGFR,Missense_Mutation,chr15,127630787,SNP
TCGA-SAMP-077,PIK3CA,Missense_Mutation,chr21,30415282,SNP
TCGA-SAMP-077,KRAS,Nonsense_Mutation,chr4,29205135,SNP
TCGA-SAMP-077,BRCA1,Missense_Mutation,chr18,107067041,SNP
TCGA-SAMP-077,IDH1,Nonsense_Mutation,chr11,108175916,SNP
TCGA-SAMP-077,MYC,Splice_Site,chrY,20768329,INDEL
TCGA-SAMP-078,TP53,Splice_Site,chrY,109307587,INDEL
TCGA-SAMP-078,PTEN,Missense_Mutation,chr22,113913164,SNP
TCGA-SAMP-079,BRAF,Missense_Mutation,chr4,106202729,SNP
TCGA-SAMP-079,ARID1A,Frame_Shift_Del,chr3,125683990,INDEL
TCGA-SAMP-079,BRCA2,Frame_Shift_Ins,chr5,72992046,INDEL
TCGA-SAMP-080,PTEN,Missense_Mutation,chr2,105499615,SNP
TCGA-SAMP-080,PIK3CA,Nonsense_Mutation,chr21,126023138,SNP
TCGA-SAMP-080,RB1,Missense_Mutation,chrY,14678363,SNP
TCGA-SAMP-081,NF1,Missense_Mutation,chr21,90927527,SNP
TCGA-SAMP-082,APC,Missense_Mutation,chr12,112917593,SNP
TCGA-SAMP-082,RB1,Frame_Shift_Ins,chr15,57797272,INDEL
TCGA-SAMP-082,NF1,Frame_Shift_Ins,chr10,146886749,INDEL
TCGA-SAMP-082,BRCA2,Missense_Mutation,chr16,32425149,SNP
TCGA-SAMP-082,MYC,Frame_Shift_Del,chr5,79985559,INDEL
TCGA-SAMP-083,KRAS,Missense_Mutation,chr7,11754304,SNP
TCGA-SAMP-083,RB1,Frame_Shift_Del,chr14,56418065,INDEL
TCGA-SAMP-084,PTEN,Frame_Shift_Del,chr22,52014894,INDEL
TCGA-SAMP-084,RB1,Nonsense_Mutation,chr18,12770380,SNP
TCGA-SAMP-084,MYC,Missense_Mutation,chr21,98428226,SNP
TCGA-SAMP-085,TP53,Frame_Shift_Ins,chr2,144409713,INDEL
TCGA-SAMP-085,NF1,Nonsense_Mutation,chr16,63707605,SNP
TCGA-SAMP-085,MYC,Nonsense_Mutation,chr21,110961281,SNP
TCGA-SAMP-086,PTEN,Missense_Mutation,chr12,121742783,SNP
TCGA-SAMP-086,PIK3CA,Nonsense_Mutation,chr13,26479085,SNP
TCGA-SAMP-086,RB1,Missense_Mutation,chr11,108337883,SNP
TCGA-SAMP-086,BRCA2,Splice_Site,chr2,18368849,INDEL
TCGA-SAMP-086,ATM,Missense_Mutation,chrY,74185474,SNP
TCGA-SAMP-086,IDH1,Missense_Mutation,chr14,20120303,SNP
TCGA-SAMP-087,APC,Frame_Shift_Ins,chr4,116242203,INDEL
TCGA-SAMP-087,MYC,Frame_Shift_Ins,chr22,113153316,INDEL
TCGA-SAMP-088,TP53,Missense_Mutation,chr2,37911773,SNP
TCGA-SAMP-088,PTEN,Missense_Mutation,chr15,84488500,SNP
TCGA-SAMP-088,KRAS,Nonsense_Mutation,chr7,119078624,SNP
TCGA-SAMP-088,NF1,Splice_Site,chr5,94918476,INDEL
TCGA-SAMP-088,ARID1A,Missense_Mutation,chr17,68180112,SNP
TCGA-SAMP-088,IDH1,Missense_Mutation,chr4,52395219,SNP
TCGA-SAMP-089,BRAF,Nonsense_Mutation,chr17,144806679,SNP
TCGA-SAMP-089,ATM,Missense_Mutation,chr8,103082420,SNP
TCGA-SAMP-090,BRAF,Nonsense_Mutation,chr12,52592736,SNP
TCGA-SAMP-090,NF1,Missense_Mutation,chr8,95843480,SNP
TCGA-SAMP-090,ATM,Nonsense_Mutation,chr17,81710372,SNP
TCGA-SAMP-091,ARID1A,Missense_Mutation,chr10,90057925,SNP
TCGA-SAMP-091,BRCA1,Missense_Mutation,chr16,130495355,SNP
TCGA-SAMP-092,EGFR,Missense_Mutation,chr4,46113251,SNP
TCGA-SAMP-092,APC,Missense_Mutation,chr18,41827753,SNP
TCGA-SAMP-092,MYC,Nonsense_Mutation,chr15,139736680,SNP
TCGA-SAMP-093,BRAF,Nonsense_Mutation,chr19,51317069,SNP
TCGA-SAMP-093,RB1,Missense_Mutation,chr21,14904511,SNP
TCGA-SAMP-094,PTEN,Splice_Site,chr11,32569247,INDEL
TCGA-SAMP-094,BRAF,Missense_Mutation,chr18,28999868,SNP
TCGA-SAMP-094,NF1,Missense_Mutation,chr18,111817982,SNP
TCGA-SAMP-094,BRCA1,Frame_Shift_Del,chr12,35254340,INDEL
TCGA-SAMP-095,KRAS,Frame_Shift_Del,chr10,40178991,INDEL
TCGA-SAMP-095,ARID1A,Splice_Site,chr10,139945473,INDEL
TCGA-SAMP-095,MYC,Splice_Site,chr9,1216271,INDEL
TCGA-SAMP-096,PTEN,Missense_Mutation,chr22,86774443,SNP
TCGA-SAMP-096,NF1,Frame_Shift_Del,chrX,141056741,INDEL
TCGA-SAMP-097,KRAS,Missense_Mutation,chr6,54532684,SNP
TCGA-SAMP-097,APC,Missense_Mutation,chrX,43520892,SNP
TCGA-SAMP-097,RB1,Missense_Mutation,chr16,66429075,SNP
TCGA-SAMP-098,TP53,Missense_Mutation,chr22,34097463,SNP
TCGA-SAMP-098,RB1,Frame_Shift_Del,chrX,112200497,INDEL
TCGA-SAMP-098,ARID1A,Missense_Mutation,chr15,75541964,SNP
TCGA-SAMP-098,BRCA1,Frame_Shift_Ins,chr6,48106403,INDEL
TCGA-SAMP-098,ATM,Frame_Shift_Ins,chr15,117362413,INDEL
TCGA-SAMP-099,KRAS,Frame_Shift_Del,chr11,104002832,INDEL
TCGA-SAMP-099,BRCA1,Missense_Mutation,chr3,8321252,SNP
TCGA-SAMP-099,ATM,Splice_Site,chr17,88949481,INDEL
TCGA-SAMP-100,EGFR,Missense_Mutation,chr7,147804738,SNP
TCGA-SAMP-100,APC,Frame_Shift_Del,chr12,44570459,INDEL
TCGA-SAMP-100,ARID1A,Missense_Mutation,chrY,138342461,SNP
TCGA-SAMP-100,BRCA1,Missense_Mutation,chr7,110104150,SNP
TCGA-SAMP-101,PTEN,Missense_Mutation,chr13,144469335,SNP
TCGA-SAMP-101,PIK3CA,Missense_Mutation,chr18,135122841,SNP
TCGA-SAMP-101,NF1,Missense_Mutation,chr15,93830769,SNP
TCGA-SAMP-101,BRCA2,Nonsense_Mutation,chr16,79332916,SNP
TCGA-SAMP-101,ATM,Missense_Mutation,chr12,43727391,SNP
TCGA-SAMP-102,EGFR,Frame_Shift_Del,chrX,45616505,INDEL
TCGA-SAMP-102,PTEN,Splice_Site,chr17,113626674,INDEL
TCGA-SAMP-102,BRAF,Splice_Site,chr1,112829265,INDEL
TCGA-SAMP-102,ARID1A,Missense_Mutation,chr22,100563184,SNP
TCGA-SAMP-103,APC,Frame_Shift_Del,chr22,122895064,INDEL
TCGA-SAMP-103,BRCA2,Missense_Mutation,chr8,93472041,SNP
TCGA-SAMP-104,APC,Missense_Mutation,chr8,12255092,SNP
TCGA-SAMP-104,RB1,Frame_Shift_Del,chr14,39347228,INDEL
TCGA-SAMP-104,BRCA2,Missense_Mutation,chrY,113621917,SNP
TCGA-SAMP-105,KRAS,Missense_Mutation,chr5,115963858,SNP
TCGA-SAMP-105,APC,Splice_Site,chr12,100300009,INDEL
TCGA-SAMP-105,BRAF,Missense_Mutation,chr9,64925507,SNP
TCGA-SAMP-105,BRCA1,Splice_Site,chr14,141957895,INDEL
TCGA-SAMP-105,MYC,Frame_Shift_Del,chr16,133859234,INDEL
TCGA-SAMP-106,EGFR,Frame_Shift_Del,chr6,67580480,INDEL
TCGA-SAMP-106,PIK3CA,Missense_Mutation,chr8,81660164,SNP
TCGA-SAMP-106,BRCA1,Nonsense_Mutation,chr11,22462925,SNP
TCGA-SAMP-106,MYC,Nonsense_Mutation,chr13,45245249,SNP
TCGA-SAMP-107,TP53,Frame_Shift_Del,chr6,133819610,INDEL
TCGA-SAMP-107,EGFR,Frame_Shift_Del,chr5,131227426,INDEL
TCGA-SAMP-107,APC,Missense_Mutation,chr5,104641659,SNP
TCGA-SAMP-108,PIK3CA,Frame_Shift_Ins,chr21,57988503,INDEL
TCGA-SAMP-108,KRAS,Missense_Mutation,chr1,72994131,SNP
TCGA-SAMP-108,RB1,Splice_Site,chr11,112403032,INDEL
TCGA-SAMP-108,MYC,Missense_Mutation,chr16,54233825,SNP
TCGA-SAMP-109,EGFR,Missense_Mutation,chr15,130161971,SNP
TCGA-SAMP-109,BRCA1,Missense_Mutation,chr21,143149652,SNP
TCGA-SAMP-110,BRAF,Nonsense_Mutation,chrY,19439821,SNP
TCGA-SAMP-110,ATM,Nonsense_Mutation,chr20,77409808,SNP
TCGA-SAMP-110,IDH1,Missense_Mutation,chrY,116815789,SNP
TCGA-SAMP-111,BRAF,Missense_Mutation,chr7,14007579,SNP
TCGA-SAMP-111,BRCA1,Nonsense_Mutation,chr6,25186627,SNP
TCGA-SAMP-111,BRCA2,Missense_Mutation,chr9,53374943,SNP
TCGA-SAMP-112,TP53,Missense_Mutation,chr9,8652442,SNP
TCGA-SAMP-112,BRAF,Splice_Site,chrX,134603439,INDEL
TCGA-SAMP-112,ARID1A,Missense_Mutation,chr3,76450218,SNP
TCGA-SAMP-112,IDH1,Missense_Mutation,chr20,140654084,SNP
TCGA-SAMP-113,TP53,Nonsense_Mutation,chr9,148821084,SNP
TCGA-SAMP-113,EGFR,Missense_Mutation,chr3,72198768,SNP
TCGA-SAMP-113,PTEN,Missense_Mutation,chr1,108083879,SNP
TCGA-SAMP-114,PTEN,Nonsense_Mutation,chr22,142977250,SNP
TCGA-SAMP-114,ARID1A,Missense_Mutation,chr18,139171770,SNP
TCGA-SAMP-114,BRCA1,Frame_Shift_Del,chr10,146269280,INDEL
TCGA-SAMP-115,APC,Missense_Mutation,chr8,135067699,SNP
TCGA-SAMP-115,BRAF,Nonsense_Mutation,chr7,4560276,SNP
TCGA-SAMP-115,ATM,Missense_Mutation,chr9,24609968,SNP
TCGA-SAMP-115,IDH1,Nonsense_Mutation,chr19,20985050,SNP
TCGA-SAMP-116,KRAS,Nonsense_Mutation,chr14,84178592,SNP
TCGA-SAMP-117,EGFR,Missense_Mutation,chr13,73490510,SNP
TCGA-SAMP-117,PTEN,Missense_Mutation,chr15,28851505,SNP
TCGA-SAMP-117,PIK3CA,Nonsense_Mutation,chr1,80572702,SNP
TCGA-SAMP-117,APC,Missense_Mutation,chr15,5159667,SNP
TCGA-SAMP-118,EGFR,Nonsense_Mutation,chr9,126035142,SNP
TCGA-SAMP-118,KRAS,Nonsense_Mutation,chr2,128912636,SNP
TCGA-SAMP-118,APC,Missense_Mutation,chr16,73703367,SNP
TCGA-SAMP-118,BRCA1,Missense_Mutation,chr15,122727198,SNP
TCGA-SAMP-120,KRAS,Frame_Shift_Del,chr5,89179814,INDEL
TCGA-SAMP-120,APC,Frame_Shift_Del,chrY,51239392,INDEL
TCGA-SAMP-120,RB1,Frame_Shift_Del,chr10,89531483,INDEL
TCGA-SAMP-120,ARID1A,Missense_Mutation,chr15,39664766,SNP
TCGA-SAMP-120,ATM,Nonsense_Mutation,chr5,133610535,SNP
TCGA-SAMP-121,PIK3CA,Frame_Shift_Del,chr5,118369303,INDEL
TCGA-SAMP-121,BRAF,Nonsense_Mutation,chr14,133054101,SNP
TCGA-SAMP-121,BRCA2,Frame_Shift_Del,chr21,21780041,INDEL
TCGA-SAMP-121,IDH1,Nonsense_Mutation,chr10,6399492,SNP
TCGA-SAMP-122,PIK3CA,Missense_Mutation,chr15,114278685,SNP
TCGA-SAMP-122,NF1,Frame_Shift_Del,chr17,138645036,INDEL
TCGA-SAMP-123,TP53,Splice_Site,chr17,32081908,INDEL
TCGA-SAMP-123,RB1,Nonsense_Mutation,chr3,109713964,SNP
TCGA-SAMP-124,PIK3CA,Missense_Mutation,chr17,100536580,SNP
TCGA-SAMP-124,BRCA2,Nonsense_Mutation,chr11,110770867,SNP
TCGA-SAMP-124,IDH1,Missense_Mutation,chr6,102302896,SNP
TCGA-SAMP-125,EGFR,Missense_Mutation,chr20,112763550,SNP
TCGA-SAMP-126,KRAS,Missense_Mutation,chr13,7185904,SNP
TCGA-SAMP-126,BRCA1,Missense_Mutation,chr15,6939789,SNP
TCGA-SAMP-127,TP53,Missense_Mutation,chr3,21714133,SNP
TCGA-SAMP-127,ATM,Missense_Mutation,chr7,125866947,SNP
TCGA-SAMP-128,TP53,Frame_Shift_Del,chr8,81372708,INDEL
TCGA-SAMP-128,APC,Nonsense_Mutation,chrX,65165901,SNP
TCGA-SAMP-128,NF1,Missense_Mutation,chr11,30550573,SNP
TCGA-SAMP-128,BRCA2,Missense_Mutation,chr19,97065754,SNP
TCGA-SAMP-128,MYC,Nonsense_Mutation,chr2,84223279,SNP
TCGA-SAMP-129,EGFR,Frame_Shift_Del,chr13,101514814,INDEL
TCGA-SAMP-130,EGFR,Nonsense_Mutation,chr17,138790742,SNP
TCGA-SAMP-130,BRAF,Missense_Mutation,chr18,110363473,SNP
TCGA-SAMP-130,ATM,Frame_Shift_Del,chrX,142500263,INDEL
TCGA-SAMP-131,EGFR,Nonsense_Mutation,chr2,147080478,SNP
TCGA-SAMP-131,PTEN,Missense_Mutation,chr12,117982416,SNP
TCGA-SAMP-131,KRAS,Missense_Mutation,chr18,112497407,SNP
TCGA-SAMP-131,BRCA2,Missense_Mutation,chr11,61151512,SNP
TCGA-SAMP-132,RB1,Missense_Mutation,chrX,9244220,SNP
TCGA-SAMP-132,BRCA2,Missense_Mutation,chrX,18273652,SNP
TCGA-SAMP-133,KRAS,Nonsense_Mutation,chr19,40213874,SNP
TCGA-SAMP-133,BRAF,Missense_Mutation,chr5,82992079,SNP
TCGA-SAMP-133,BRCA1,Nonsense_Mutation,chr14,89352066,SNP
TCGA-SAMP-133,ATM,Missense_Mutation,chr9,41674796,SNP
TCGA-SAMP-134,BRAF,Missense_Mutation,chr9,49925495,SNP
TCGA-SAMP-134,NF1,Nonsense_Mutation,chr3,13531835,SNP
TCGA-SAMP-134,BRCA1,Missense_Mutation,chr8,131758549,SNP
TCGA-SAMP-134,BRCA2,Splice_Site,chr4,98202804,INDEL
TCGA-SAMP-134,MYC,Missense_Mutation,chr22,137604821,SNP
TCGA-SAMP-135,PIK3CA,Missense_Mutation,chr5,106810807,SNP
TCGA-SAMP-135,RB1,Missense_Mutation,chr3,125898510,SNP
TCGA-SAMP-135,IDH1,Missense_Mutation,chr6,52966880,SNP
TCGA-SAMP-136,KRAS,Nonsense_Mutation,chr21,59735369,SNP
TCGA-SAMP-136,RB1,Nonsense_Mutation,chr6,75486847,SNP
TCGA-SAMP-137,ARID1A,Frame_Shift_Del,chr8,13821794,INDEL
TCGA-SAMP-137,MYC,Missense_Mutation,chr12,84748451,SNP
TCGA-SAMP-138,BRAF,Missense_Mutation,chr9,75181232,SNP
TCGA-SAMP-138,NF1,Splice_Site,chr10,90616920,INDEL
TCGA-SAMP-138,ATM,Frame_Shift_Del,chr21,117203047,INDEL
TCGA-SAMP-139,NF1,Missense_Mutation,chr17,33779364,SNP
TCGA-SAMP-139,BRCA2,Missense_Mutation,chr1,87863889,SNP
TCGA-SAMP-140,BRAF,Splice_Site,chr3,34638588,INDEL
TCGA-SAMP-140,BRCA1,Nonsense_Mutation,chr11,117063377,SNP
TCGA-SAMP-140,MYC,Splice_Site,chr3,136139095,INDEL
TCGA-SAMP-141,BRAF,Missense_Mutation,chr22,56061553,SNP
TCGA-SAMP-141,NF1,Splice_Site,chr19,141399258,INDEL
TCGA-SAMP-143,TP53,Missense_Mutation,chr10,39484827,SNP
TCGA-SAMP-143,EGFR,Frame_Shift_Ins,chrX,141401338,INDEL
TCGA-SAMP-143,BRAF,Missense_Mutation,chr4,123825237,SNP
TCGA-SAMP-143,BRCA1,Missense_Mutation,chr7,44955106,SNP
TCGA-SAMP-144,NF1,Splice_Site,chr13,118294006,INDEL
TCGA-SAMP-144,BRCA2,Missense_Mutation,chr1,99648437,SNP
TCGA-SAMP-146,EGFR,Splice_Site,chr19,134543119,INDEL
TCGA-SAMP-146,KRAS,Missense_Mutation,chr4,14206894,SNP
TCGA-SAMP-146,RB1,Missense_Mutation,chr8,84672348,SNP
TCGA-SAMP-146,MYC,Missense_Mutation,chr20,72358398,SNP
TCGA-SAMP-147,TP53,Nonsense_Mutation,chr9,149976,SNP
TCGA-SAMP-147,PTEN,Missense_Mutation,chr6,56193351,SNP
TCGA-SAMP-147,RB1,Missense_Mutation,chr15,15642211,SNP
TCGA-SAMP-148,PIK3CA,Splice_Site,chr16,115807258,INDEL
TCGA-SAMP-148,ARID1A,Frame_Shift_Del,chr16,68629722,INDEL
TCGA-SAMP-148,ATM,Missense_Mutation,chr2,131662238,SNP
TCGA-SAMP-149,APC,Nonsense_Mutation,chr5,132092304,SNP
TCGA-SAMP-150,APC,Splice_Site,chr13,111311077,INDEL
